-- phpMyAdmin SQL Dump
-- version 5.1.1
-- https://www.phpmyadmin.net/
--
-- Host: 127.0.0.1
-- Generation Time: Oct 05, 2021 at 06:16 AM
-- Server version: 10.4.19-MariaDB
-- PHP Version: 7.4.20

SET SQL_MODE = "NO_AUTO_VALUE_ON_ZERO";
START TRANSACTION;
SET time_zone = "+00:00";


/*!40101 SET @OLD_CHARACTER_SET_CLIENT=@@CHARACTER_SET_CLIENT */;
/*!40101 SET @OLD_CHARACTER_SET_RESULTS=@@CHARACTER_SET_RESULTS */;
/*!40101 SET @OLD_COLLATION_CONNECTION=@@COLLATION_CONNECTION */;
/*!40101 SET NAMES utf8mb4 */;

--
-- Database: `spknur`
--

-- --------------------------------------------------------

--
-- Table structure for table `balita`
--

CREATE TABLE `balita` (
  `id` bigint(20) UNSIGNED NOT NULL,
  `id_balita` bigint(20) UNSIGNED NOT NULL,
  `umur` int(11) NOT NULL,
  `tinggi_badan` double(8,2) NOT NULL,
  `berat_badan` double(8,2) NOT NULL,
  `imt` double(8,2) NOT NULL,
  `tbu` double(8,2) NOT NULL,
  `bbu` double(8,2) NOT NULL,
  `bbtb` double(8,2) NOT NULL,
  `imtu` double(8,2) NOT NULL,
  `status_tbu` varchar(255) COLLATE utf8mb4_unicode_ci NOT NULL,
  `bobot_tbu` double(8,2) NOT NULL,
  `status_bbu` varchar(255) COLLATE utf8mb4_unicode_ci NOT NULL,
  `bobot_bbu` double(8,2) NOT NULL,
  `status_bbtb` varchar(255) COLLATE utf8mb4_unicode_ci NOT NULL,
  `bobot_bbtb` double(8,2) NOT NULL,
  `status_imtu` varchar(255) COLLATE utf8mb4_unicode_ci NOT NULL,
  `bobot_imtu` double(8,2) NOT NULL,
  `created_at` timestamp NULL DEFAULT NULL,
  `updated_at` timestamp NULL DEFAULT NULL
) ENGINE=InnoDB DEFAULT CHARSET=utf8mb4 COLLATE=utf8mb4_unicode_ci;

--
-- Dumping data for table `balita`
--

INSERT INTO `balita` (`id`, `id_balita`, `umur`, `tinggi_badan`, `berat_badan`, `imt`, `tbu`, `bbu`, `bbtb`, `imtu`, `status_tbu`, `bobot_tbu`, `status_bbu`, `bobot_bbu`, `status_bbtb`, `bobot_bbtb`, `status_imtu`, `bobot_imtu`, `created_at`, `updated_at`) VALUES
(7, 4, 12, 68.00, 7.50, 16.22, -2.31, -1.40, -0.33, -0.13, 'Pendek', 0.50, 'Normal', 0.75, 'Normal', 0.75, 'Normal', 0.75, '2021-07-08 07:09:28', '2021-08-06 01:26:42'),
(8, 8, 24, 50.00, 3.00, 12.00, -11.38, -6.54, -1.33, -2.85, 'Sangat Pendek', 0.25, 'Sangat Kurang', 0.25, 'Normal', 0.75, 'Kurus', 0.50, '2021-07-09 01:52:48', '2021-08-06 01:26:58'),
(10, 6, 17, 85.00, 9.50, 13.15, 1.89, -0.45, -1.89, -2.04, 'Normal', 0.75, 'Normal', 0.75, 'Normal', 0.75, 'Kurus', 0.50, '2021-07-09 01:55:25', '2021-08-06 01:29:35'),
(11, 5, 12, 49.00, 3.00, 12.49, -9.62, -5.90, -0.67, -2.79, 'Sangat Pendek', 0.25, 'Sangat Kurang', 0.25, 'Normal', 0.75, 'Kurus', 0.50, '2021-07-09 01:57:24', '2021-08-06 01:30:29'),
(12, 21, 11, 60.00, 8.50, 23.61, -5.12, -0.20, 5.20, 4.74, 'Sangat Pendek', 0.25, 'Normal', 0.75, 'Gemuk', 1.00, 'Gemuk', 1.00, '2021-07-09 03:59:58', '2021-08-06 01:31:26'),
(13, 18, 24, 75.00, 7.00, 12.44, -3.56, -3.46, -3.00, -2.50, 'Sangat Pendek', 0.25, 'Sangat Kurang', 0.25, 'Sangat Kurus', 0.25, 'Kurus', 0.50, '2021-07-09 04:01:21', '2021-08-06 01:36:15'),
(14, 40, 12, 49.00, 2.90, 12.08, -9.62, -6.00, -1.00, -3.09, 'Sangat Pendek', 0.25, 'Sangat Kurang', 0.25, 'Normal', 0.75, 'Sangat Kurus', 0.25, '2021-07-09 04:06:23', '2021-07-09 04:06:23'),
(15, 33, 12, 49.00, 3.00, 12.49, -9.62, -5.90, -0.67, -2.79, 'Sangat Pendek', 0.25, 'Sangat Kurang', 0.25, 'Normal', 0.75, 'Kurus', 0.50, '2021-07-09 04:07:20', '2021-07-09 04:07:20'),
(16, 19, 8, 50.00, 3.00, 12.00, -8.13, -5.44, -1.33, -3.43, 'Sangat Pendek', 0.25, 'Sangat Kurang', 0.25, 'Normal', 0.75, 'Sangat Kurus', 0.25, '2021-07-09 04:09:19', '2021-07-09 04:09:19'),
(17, 43, 48, 49.00, 3.00, 12.49, -12.49, -6.24, -0.67, -2.16, 'Sangat Pendek', 0.25, 'Sangat Kurang', 0.25, 'Normal', 0.75, 'Kurus', 0.50, '2021-07-09 04:10:33', '2021-07-09 04:10:33'),
(18, 41, 24, 50.00, 4.90, 19.60, -11.38, -5.08, 5.00, 2.79, 'Sangat Pendek', 0.25, 'Sangat Kurang', 0.25, 'Gemuk', 1.00, 'Gemuk', 1.00, '2021-07-09 04:12:30', '2021-07-09 04:12:30'),
(19, 10, 12, 50.00, 3.00, 12.00, -9.23, -5.90, -1.33, -3.14, 'Sangat Pendek', 0.25, 'Sangat Kurang', 0.25, 'Normal', 0.75, 'Sangat Kurus', 0.25, '2021-07-09 04:14:36', '2021-07-09 04:14:36'),
(20, 14, 24, 49.00, 2.90, 12.08, -11.69, -6.62, -1.00, -2.79, 'Sangat Pendek', 0.25, 'Sangat Kurang', 0.25, 'Normal', 0.75, 'Kurus', 0.50, '2021-07-09 04:15:26', '2021-07-09 04:15:26'),
(21, 42, 24, 49.00, 3.00, 12.49, -11.69, -6.54, -0.67, -2.47, 'Sangat Pendek', 0.25, 'Sangat Kurang', 0.25, 'Normal', 0.75, 'Kurus', 0.50, '2021-07-09 04:17:54', '2021-07-09 04:17:54'),
(22, 50, 12, 48.00, 2.90, 12.59, -10.00, -6.00, -0.33, -2.72, 'Sangat Pendek', 0.25, 'Sangat Kurang', 0.25, 'Normal', 0.75, 'Kurus', 0.50, '2021-07-09 04:18:54', '2021-07-09 04:18:54'),
(23, 37, 12, 49.00, 3.00, 12.49, -9.62, -5.90, -0.67, -2.79, 'Sangat Pendek', 0.25, 'Sangat Kurang', 0.25, 'Normal', 0.75, 'Kurus', 0.50, '2021-07-09 04:23:55', '2021-07-09 04:23:55'),
(24, 31, 24, 49.00, 3.00, 12.49, -11.69, -6.54, -0.67, -2.47, 'Sangat Pendek', 0.25, 'Sangat Kurang', 0.25, 'Normal', 0.75, 'Kurus', 0.50, '2021-07-09 04:25:56', '2021-07-09 04:25:56'),
(25, 16, 12, 50.00, 3.40, 13.60, -9.23, -5.50, 0.00, -2.00, 'Sangat Pendek', 0.25, 'Sangat Kurang', 0.25, 'Normal', 0.75, 'Kurus', 0.50, '2021-07-09 04:27:21', '2021-07-09 04:27:21'),
(26, 32, 12, 49.00, 3.00, 12.49, -9.62, -5.90, -0.67, -2.79, 'Sangat Pendek', 0.25, 'Sangat Kurang', 0.25, 'Normal', 0.75, 'Kurus', 0.50, '2021-07-09 04:28:29', '2021-07-09 04:28:29'),
(27, 39, 24, 49.00, 3.00, 12.49, -11.69, -6.54, -0.67, -2.47, 'Sangat Pendek', 0.25, 'Sangat Kurang', 0.25, 'Normal', 0.75, 'Kurus', 0.50, '2021-07-09 04:29:53', '2021-07-09 04:29:53'),
(28, 27, 9, 49.00, 3.00, 12.49, -8.79, -5.78, -0.67, -3.00, 'Sangat Pendek', 0.25, 'Sangat Kurang', 0.25, 'Normal', 0.75, 'Sangat Kurus', 0.25, '2021-07-09 04:31:21', '2021-07-09 04:31:21'),
(29, 24, 24, 49.00, 4.00, 16.66, -11.69, -5.77, 2.67, 0.69, 'Sangat Pendek', 0.25, 'Sangat Kurang', 0.25, 'Gemuk', 1.00, 'Normal', 0.75, '2021-07-10 14:06:58', '2021-07-10 14:06:58'),
(30, 23, 24, 50.00, 3.10, 12.40, -11.38, -6.46, -1.00, -2.54, 'Sangat Pendek', 0.25, 'Sangat Kurang', 0.25, 'Normal', 0.75, 'Kurus', 0.50, '2021-07-10 14:08:42', '2021-07-10 14:08:42'),
(31, 38, 12, 49.00, 3.00, 12.49, -9.62, -5.90, -0.67, -2.79, 'Sangat Pendek', 0.25, 'Sangat Kurang', 0.25, 'Normal', 0.75, 'Kurus', 0.50, '2021-07-10 14:10:20', '2021-07-10 14:10:20'),
(32, 15, 12, 50.00, 3.00, 12.00, -9.23, -5.90, -1.33, -3.14, 'Sangat Pendek', 0.25, 'Sangat Kurang', 0.25, 'Normal', 0.75, 'Sangat Kurus', 0.25, '2021-07-10 14:11:41', '2021-07-10 14:11:41'),
(33, 47, 8, 49.00, 2.90, 12.08, -8.57, -5.56, -1.00, -3.37, 'Sangat Pendek', 0.25, 'Sangat Kurang', 0.25, 'Normal', 0.75, 'Sangat Kurus', 0.25, '2021-07-10 14:13:11', '2021-07-10 14:13:11'),
(34, 13, 5, 50.00, 3.00, 12.00, -6.36, -4.88, -1.33, -3.43, 'Sangat Pendek', 0.25, 'Sangat Kurang', 0.25, 'Normal', 0.75, 'Sangat Kurus', 0.25, '2021-07-10 14:14:31', '2021-07-10 14:14:31'),
(35, 22, 3, 49.00, 2.90, 12.08, -5.14, -4.83, -1.00, -2.88, 'Sangat Pendek', 0.25, 'Sangat Kurang', 0.25, 'Normal', 0.75, 'Kurus', 0.50, '2021-07-10 14:16:37', '2021-07-10 14:16:37'),
(36, 34, 7, 49.00, 2.90, 12.08, -7.96, -5.88, -1.00, -3.44, 'Sangat Pendek', 0.25, 'Sangat Kurang', 0.25, 'Normal', 0.75, 'Sangat Kurus', 0.25, '2021-07-10 14:18:33', '2021-07-10 14:18:33'),
(37, 25, 24, 49.00, 3.00, 12.49, -11.69, -6.54, -0.67, -2.47, 'Sangat Pendek', 0.25, 'Sangat Kurang', 0.25, 'Normal', 0.75, 'Kurus', 0.50, '2021-07-10 14:20:06', '2021-07-10 14:20:06'),
(38, 12, 12, 50.00, 2.90, 11.60, -9.23, -6.00, -1.67, -3.43, 'Sangat Pendek', 0.25, 'Sangat Kurang', 0.25, 'Normal', 0.75, 'Sangat Kurus', 0.25, '2021-07-10 14:21:02', '2021-07-10 14:21:02'),
(39, 17, 5, 50.00, 12.00, 48.00, -6.36, 5.67, 28.67, 19.50, 'Sangat Pendek', 0.25, 'Lebih', 1.00, 'Gemuk', 1.00, 'Gemuk', 1.00, '2021-07-10 14:22:10', '2021-07-10 14:22:10'),
(40, 44, 12, 49.00, 2.90, 12.08, -9.62, -6.00, -1.00, -3.09, 'Sangat Pendek', 0.25, 'Sangat Kurang', 0.25, 'Normal', 0.75, 'Sangat Kurus', 0.25, '2021-07-10 14:23:05', '2021-07-10 14:23:05'),
(41, 30, 24, 49.00, 2.90, 12.08, -11.69, -6.62, -1.00, -2.79, 'Sangat Pendek', 0.25, 'Sangat Kurang', 0.25, 'Normal', 0.75, 'Kurus', 0.50, '2021-07-10 14:23:52', '2021-07-10 14:23:52'),
(42, 20, 24, 80.00, 15.00, 23.44, -2.00, 2.33, 5.44, 5.53, 'Normal', 0.75, 'Lebih', 1.00, 'Gemuk', 1.00, 'Gemuk', 1.00, '2021-07-10 14:25:18', '2021-07-10 14:25:18'),
(43, 51, 24, 70.00, 20.00, 40.82, -5.12, 5.67, 14.75, 17.94, 'Sangat Pendek', 0.25, 'Lebih', 1.00, 'Gemuk', 1.00, 'Gemuk', 1.00, '2021-07-10 14:28:03', '2021-07-10 14:28:03'),
(44, 9, 36, 60.00, 25.00, 69.44, -9.00, 5.84, 38.20, 38.60, 'Sangat Pendek', 0.25, 'Lebih', 1.00, 'Gemuk', 1.00, 'Gemuk', 1.00, '2021-07-10 14:30:57', '2021-07-10 14:30:57'),
(45, 49, 12, 49.00, 3.00, 12.49, -9.62, -5.90, -0.67, -2.79, 'Sangat Pendek', 0.25, 'Sangat Kurang', 0.25, 'Normal', 0.75, 'Kurus', 0.50, '2021-07-10 14:32:26', '2021-07-10 14:32:26'),
(46, 7, 12, 75.00, 7.50, 13.33, 0.38, -1.40, -2.29, -2.19, 'Normal', 0.75, 'Normal', 0.75, 'Kurus', 0.50, 'Kurus', 0.50, '2021-07-10 14:35:06', '2021-07-10 14:35:06'),
(47, 35, 6, 49.00, 3.00, 12.49, -7.59, -5.38, -0.67, -3.15, 'Sangat Pendek', 0.25, 'Sangat Kurang', 0.25, 'Normal', 0.75, 'Sangat Kurus', 0.25, '2021-07-10 14:40:02', '2021-07-10 14:40:02'),
(48, 29, 12, 68.00, 7.50, 16.22, -2.31, -1.40, -0.33, -0.13, 'Pendek', 0.50, 'Normal', 0.75, 'Normal', 0.75, 'Normal', 0.75, '2021-07-10 14:41:56', '2021-07-10 14:41:56'),
(49, 26, 24, 70.00, 10.00, 20.41, -5.12, -1.15, 2.25, 3.36, 'Sangat Pendek', 0.25, 'Normal', 0.75, 'Gemuk', 1.00, 'Gemuk', 1.00, '2021-07-10 14:43:00', '2021-07-10 14:43:00'),
(50, 36, 12, 55.00, 8.00, 26.45, -7.31, -0.90, 7.00, 6.70, 'Sangat Pendek', 0.25, 'Normal', 0.75, 'Gemuk', 1.00, 'Gemuk', 1.00, '2021-07-10 14:44:43', '2021-07-10 14:44:43'),
(51, 55, 8, 70.00, 7.00, 14.29, 0.54, -1.00, -1.71, -1.80, 'Normal', 0.75, 'Normal', 0.75, 'Normal', 0.75, 'Normal', 0.75, '2021-07-15 04:09:54', '2021-07-15 04:09:54'),
(52, 57, 7, 49.00, 3.00, 12.49, -7.96, -5.75, -0.67, -3.15, 'Sangat Pendek', 0.25, 'Sangat Kurang', 0.25, 'Normal', 0.75, 'Sangat Kurus', 0.25, '2021-08-02 15:08:08', '2021-08-02 15:08:08'),
(53, 58, 5, 49.00, 2.90, 12.08, -6.82, -5.00, -1.00, -3.37, 'Sangat Pendek', 0.25, 'Sangat Kurang', 0.25, 'Normal', 0.75, 'Sangat Kurus', 0.25, '2021-08-02 15:08:47', '2021-08-02 15:08:47'),
(54, 59, 7, 49.00, 3.00, 12.49, -7.96, -5.75, -0.67, -3.15, 'Sangat Pendek', 0.25, 'Sangat Kurang', 0.25, 'Normal', 0.75, 'Sangat Kurus', 0.25, '2021-08-02 15:09:23', '2021-08-02 15:09:23'),
(55, 60, 8, 49.00, 3.20, 13.33, -8.57, -5.22, 0.00, -2.48, 'Sangat Pendek', 0.25, 'Sangat Kurang', 0.25, 'Normal', 0.75, 'Kurus', 0.50, '2021-08-02 15:09:57', '2021-08-02 15:09:57'),
(56, 61, 1, 50.00, 3.20, 12.80, -1.85, -1.67, -0.67, -1.29, 'Normal', 0.75, 'Normal', 0.75, 'Normal', 0.75, 'Normal', 0.75, '2021-08-02 15:10:20', '2021-08-02 15:10:20'),
(57, 62, 5, 50.00, 3.00, 12.00, -6.36, -4.88, -1.33, -3.43, 'Sangat Pendek', 0.25, 'Sangat Kurang', 0.25, 'Normal', 0.75, 'Sangat Kurus', 0.25, '2021-08-02 15:10:45', '2021-08-02 15:10:45'),
(58, 63, 4, 49.00, 2.40, 10.00, -5.95, -5.71, -2.67, -4.47, 'Sangat Pendek', 0.25, 'Sangat Kurang', 0.25, 'Kurus', 0.50, 'Sangat Kurus', 0.25, '2021-08-02 15:11:12', '2021-08-02 15:11:12'),
(59, 64, 9, 50.00, 3.00, 12.00, -8.38, -5.78, -1.33, -3.36, 'Sangat Pendek', 0.25, 'Sangat Kurang', 0.25, 'Normal', 0.75, 'Sangat Kurus', 0.25, '2021-08-02 15:12:28', '2021-08-02 15:12:28'),
(60, 65, 4, 49.00, 2.40, 10.00, -5.95, -5.71, -2.67, -4.47, 'Sangat Pendek', 0.25, 'Sangat Kurang', 0.25, 'Kurus', 0.50, 'Sangat Kurus', 0.25, '2021-08-02 15:13:02', '2021-08-02 15:13:02'),
(61, 66, 3, 50.00, 3.00, 12.00, -4.67, -4.67, -1.33, -2.93, 'Sangat Pendek', 0.25, 'Sangat Kurang', 0.25, 'Normal', 0.75, 'Kurus', 0.50, '2021-08-02 15:13:37', '2021-08-02 15:13:37'),
(62, 67, 3, 50.00, 3.00, 12.00, -4.67, -4.67, -1.33, -2.93, 'Sangat Pendek', 0.25, 'Sangat Kurang', 0.25, 'Normal', 0.75, 'Kurus', 0.50, '2021-08-02 15:14:06', '2021-08-02 15:14:06'),
(63, 68, 4, 50.00, 3.00, 12.00, -5.50, -4.86, -1.33, -3.13, 'Sangat Pendek', 0.25, 'Sangat Kurang', 0.25, 'Normal', 0.75, 'Sangat Kurus', 0.25, '2021-08-02 15:14:50', '2021-08-02 15:14:50'),
(64, 69, 2, 50.00, 3.00, 12.00, -3.38, -3.50, -1.33, -2.53, 'Sangat Pendek', 0.25, 'Sangat Kurang', 0.25, 'Normal', 0.75, 'Kurus', 0.50, '2021-08-02 15:15:13', '2021-08-02 15:15:13'),
(65, 70, 12, 50.00, 3.00, 12.00, -9.23, -5.90, -1.33, -3.14, 'Sangat Pendek', 0.25, 'Sangat Kurang', 0.25, 'Normal', 0.75, 'Sangat Kurus', 0.25, '2021-08-02 15:15:39', '2021-08-02 15:15:39'),
(66, 71, 3, 50.00, 3.00, 12.00, -4.67, -4.67, -1.33, -2.93, 'Sangat Pendek', 0.25, 'Sangat Kurang', 0.25, 'Normal', 0.75, 'Kurus', 0.50, '2021-08-02 15:16:06', '2021-08-02 15:16:06'),
(67, 72, 12, 54.00, 2.40, 8.23, -7.69, -6.50, -4.75, -5.84, 'Sangat Pendek', 0.25, 'Sangat Kurang', 0.25, 'Sangat Kurus', 0.25, 'Sangat Kurus', 0.25, '2021-08-02 15:16:30', '2021-08-02 15:16:30'),
(68, 73, 3, 49.00, 3.00, 12.49, -5.14, -4.67, -0.67, -2.60, 'Sangat Pendek', 0.25, 'Sangat Kurang', 0.25, 'Normal', 0.75, 'Kurus', 0.50, '2021-08-02 15:16:54', '2021-08-02 15:16:54'),
(69, 74, 5, 49.00, 2.90, 12.08, -6.82, -5.00, -1.00, -3.37, 'Sangat Pendek', 0.25, 'Sangat Kurang', 0.25, 'Normal', 0.75, 'Sangat Kurus', 0.25, '2021-08-02 15:17:20', '2021-08-02 15:17:20'),
(70, 75, 2, 49.00, 3.30, 13.74, -3.86, -3.00, 0.33, -1.37, 'Sangat Pendek', 0.25, 'Sangat Kurang', 0.25, 'Normal', 0.75, 'Normal', 0.75, '2021-08-02 15:18:04', '2021-08-02 15:18:04'),
(71, 76, 60, 80.00, 20.00, 31.25, -6.26, 0.60, 11.00, 9.97, 'Sangat Pendek', 0.25, 'Normal', 0.75, 'Gemuk', 1.00, 'Gemuk', 1.00, '2021-08-02 15:18:54', '2021-08-02 15:18:54'),
(72, 77, 8, 49.00, 3.30, 13.74, -8.57, -5.11, 0.33, -2.18, 'Sangat Pendek', 0.25, 'Sangat Kurang', 0.25, 'Normal', 0.75, 'Kurus', 0.50, '2021-08-02 15:19:41', '2021-08-02 15:19:41'),
(73, 78, 11, 50.00, 2.90, 11.60, -9.12, -5.80, -1.67, -3.50, 'Sangat Pendek', 0.25, 'Sangat Kurang', 0.25, 'Normal', 0.75, 'Sangat Kurus', 0.25, '2021-08-02 15:20:08', '2021-08-02 15:20:08'),
(74, 79, 36, 65.00, 10.00, 23.67, -7.72, -2.29, 4.14, 5.91, 'Sangat Pendek', 0.25, 'Kurang', 0.50, 'Gemuk', 1.00, 'Gemuk', 1.00, '2021-08-02 15:20:53', '2021-08-02 15:20:53'),
(75, 80, 36, 66.00, 10.00, 22.96, -7.46, -2.29, 3.86, 5.40, 'Sangat Pendek', 0.25, 'Kurang', 0.50, 'Gemuk', 1.00, 'Gemuk', 1.00, '2021-08-02 15:21:20', '2021-08-02 15:21:20'),
(76, 81, 36, 60.00, 10.00, 27.78, -9.00, -2.29, 8.20, 8.84, 'Sangat Pendek', 0.25, 'Kurang', 0.50, 'Gemuk', 1.00, 'Gemuk', 1.00, '2021-08-02 15:21:53', '2021-08-02 15:21:53'),
(77, 82, 2, 50.00, 3.00, 12.00, -3.38, -3.50, -1.33, -2.53, 'Sangat Pendek', 0.25, 'Sangat Kurang', 0.25, 'Normal', 0.75, 'Kurus', 0.50, '2021-08-02 15:22:38', '2021-08-02 15:22:38'),
(78, 83, 36, 70.00, 15.00, 30.61, -6.44, 0.58, 8.50, 10.87, 'Sangat Pendek', 0.25, 'Normal', 0.75, 'Gemuk', 1.00, 'Gemuk', 1.00, '2021-08-02 15:23:06', '2021-08-02 15:23:06'),
(79, 84, 24, 50.00, 10.00, 40.00, -11.38, -1.15, 22.00, 17.36, 'Sangat Pendek', 0.25, 'Normal', 0.75, 'Gemuk', 1.00, 'Gemuk', 1.00, '2021-08-02 15:23:47', '2021-08-02 15:23:47'),
(80, 85, 48, 80.00, 18.00, 28.12, -5.28, 0.79, 8.78, 8.55, 'Sangat Pendek', 0.25, 'Normal', 0.75, 'Gemuk', 1.00, 'Gemuk', 1.00, '2021-08-02 15:24:35', '2021-08-02 15:24:35'),
(81, 86, 12, 48.00, 3.80, 16.49, -10.00, -5.10, 2.67, 0.06, 'Sangat Pendek', 0.25, 'Sangat Kurang', 0.25, 'Gemuk', 1.00, 'Normal', 0.75, '2021-08-02 15:25:05', '2021-08-02 15:25:05'),
(82, 87, 12, 49.00, 3.00, 12.49, -9.62, -5.90, -0.67, -2.79, 'Sangat Pendek', 0.25, 'Sangat Kurang', 0.25, 'Normal', 0.75, 'Kurus', 0.50, '2021-08-02 15:25:27', '2021-08-02 15:25:27'),
(83, 88, 48, 80.00, 18.00, 28.12, -5.28, 0.79, 8.78, 8.55, 'Sangat Pendek', 0.25, 'Normal', 0.75, 'Gemuk', 1.00, 'Gemuk', 1.00, '2021-08-02 15:27:38', '2021-08-02 15:27:38'),
(84, 89, 12, 48.00, 2.50, 10.85, -10.00, -6.40, -1.67, -3.96, 'Sangat Pendek', 0.25, 'Sangat Kurang', 0.25, 'Normal', 0.75, 'Sangat Kurus', 0.25, '2021-08-02 15:28:28', '2021-08-02 15:28:28'),
(85, 90, 48, 80.00, 18.00, 28.12, -5.28, 0.79, 8.78, 8.55, 'Sangat Pendek', 0.25, 'Normal', 0.75, 'Gemuk', 1.00, 'Gemuk', 1.00, '2021-08-02 15:29:47', '2021-08-02 15:29:47'),
(86, 91, 2, 49.00, 3.50, 14.58, -3.86, -2.67, 1.00, -0.82, 'Sangat Pendek', 0.25, 'Kurang', 0.50, 'Gemuk', 1.00, 'Normal', 0.75, '2021-08-02 15:30:25', '2021-08-02 15:30:25'),
(88, 93, 48, 80.00, 20.00, 31.25, -5.28, 1.62, 11.00, 10.63, 'Sangat Pendek', 0.25, 'Lebih', 1.00, 'Gemuk', 1.00, 'Gemuk', 1.00, '2021-08-02 15:32:50', '2021-08-02 15:32:50'),
(89, 94, 48, 75.00, 18.00, 32.00, -6.44, 0.79, 9.89, 11.13, 'Sangat Pendek', 0.25, 'Normal', 0.75, 'Gemuk', 1.00, 'Gemuk', 1.00, '2021-08-02 15:33:30', '2021-08-02 15:33:30'),
(90, 95, 36, 70.00, 15.00, 30.61, -6.44, 0.58, 8.50, 10.87, 'Sangat Pendek', 0.25, 'Normal', 0.75, 'Gemuk', 1.00, 'Gemuk', 1.00, '2021-08-02 15:34:11', '2021-08-02 15:34:11'),
(91, 96, 36, 70.00, 15.00, 30.61, -6.44, 0.58, 8.50, 10.87, 'Sangat Pendek', 0.25, 'Normal', 0.75, 'Gemuk', 1.00, 'Gemuk', 1.00, '2021-08-02 15:35:11', '2021-08-02 15:35:11'),
(92, 97, 36, 75.00, 15.00, 26.67, -5.15, 0.58, 6.56, 8.05, 'Sangat Pendek', 0.25, 'Normal', 0.75, 'Gemuk', 1.00, 'Gemuk', 1.00, '2021-08-02 15:35:44', '2021-08-02 15:35:44'),
(93, 98, 36, 75.00, 20.00, 35.56, -5.15, 3.21, 12.11, 14.40, 'Sangat Pendek', 0.25, 'Lebih', 1.00, 'Gemuk', 1.00, 'Gemuk', 1.00, '2021-08-02 15:36:11', '2021-08-02 15:36:11'),
(94, 99, 24, 65.00, 15.00, 35.50, -6.69, 2.33, 11.29, 14.14, 'Sangat Pendek', 0.25, 'Lebih', 1.00, 'Gemuk', 1.00, 'Gemuk', 1.00, '2021-08-02 15:36:53', '2021-08-02 15:36:53'),
(95, 101, 24, 75.00, 15.00, 26.67, -3.56, 2.33, 6.56, 7.83, 'Sangat Pendek', 0.25, 'Lebih', 1.00, 'Gemuk', 1.00, 'Gemuk', 1.00, '2021-08-02 15:37:44', '2021-08-02 15:37:44'),
(96, 102, 48, 80.00, 20.00, 31.25, -5.28, 1.62, 11.00, 10.63, 'Sangat Pendek', 0.25, 'Lebih', 1.00, 'Gemuk', 1.00, 'Gemuk', 1.00, '2021-08-02 15:40:09', '2021-08-02 15:40:09'),
(97, 103, 36, 50.00, 10.00, 40.00, -11.56, -2.29, 22.00, 17.57, 'Sangat Pendek', 0.25, 'Kurang', 0.50, 'Gemuk', 1.00, 'Gemuk', 1.00, '2021-08-02 15:40:52', '2021-08-02 15:40:52'),
(98, 104, 48, 60.00, 15.00, 41.67, -9.93, -0.52, 18.20, 17.58, 'Sangat Pendek', 0.25, 'Normal', 0.75, 'Gemuk', 1.00, 'Gemuk', 1.00, '2021-08-02 15:41:33', '2021-08-02 15:41:33'),
(99, 105, 48, 62.00, 15.00, 39.02, -9.47, -0.52, 14.33, 15.81, 'Sangat Pendek', 0.25, 'Normal', 0.75, 'Gemuk', 1.00, 'Gemuk', 1.00, '2021-08-02 15:41:58', '2021-08-02 15:41:58'),
(100, 11, 12, 50.00, 3.40, 13.60, -9.23, -5.50, 0.00, -2.00, 'Sangat Pendek', 0.25, 'Sangat Kurang', 0.25, 'Normal', 0.75, 'Kurus', 0.50, '2021-08-02 15:46:03', '2021-08-02 15:46:03'),
(101, 28, 3, 49.00, 2.90, 12.08, -5.14, -4.83, -1.00, -2.88, 'Sangat Pendek', 0.25, 'Sangat Kurang', 0.25, 'Normal', 0.75, 'Kurus', 0.50, '2021-08-02 15:49:32', '2021-08-02 15:49:32'),
(102, 45, 5, 49.00, 3.00, 12.49, -6.82, -4.88, -0.67, -3.08, 'Sangat Pendek', 0.25, 'Sangat Kurang', 0.25, 'Normal', 0.75, 'Sangat Kurus', 0.25, '2021-08-02 15:52:44', '2021-08-02 15:52:44'),
(103, 46, 24, 49.00, 3.00, 12.49, -11.69, -6.54, -0.67, -2.47, 'Sangat Pendek', 0.25, 'Sangat Kurang', 0.25, 'Normal', 0.75, 'Kurus', 0.50, '2021-08-02 15:53:23', '2021-08-02 15:53:23'),
(104, 48, 3, 50.00, 3.00, 12.00, -4.67, -4.67, -1.33, -2.93, 'Sangat Pendek', 0.25, 'Sangat Kurang', 0.25, 'Normal', 0.75, 'Kurus', 0.50, '2021-08-02 15:54:24', '2021-08-02 15:54:24'),
(105, 52, 2, 49.00, 2.80, 11.66, -3.86, -3.83, -1.33, -2.76, 'Sangat Pendek', 0.25, 'Sangat Kurang', 0.25, 'Normal', 0.75, 'Kurus', 0.50, '2021-08-02 15:55:48', '2021-08-02 15:55:48'),
(106, 54, 2, 48.00, 2.80, 12.15, -4.33, -3.83, -0.67, -2.43, 'Sangat Pendek', 0.25, 'Sangat Kurang', 0.25, 'Normal', 0.75, 'Kurus', 0.50, '2021-08-02 15:57:03', '2021-08-02 15:57:03'),
(107, 57, 2, 50.00, 3.00, 12.00, -3.38, -3.50, -1.33, -2.53, 'Sangat Pendek', 0.25, 'Sangat Kurang', 0.25, 'Normal', 0.75, 'Kurus', 0.50, '2021-08-02 16:00:27', '2021-08-02 16:00:27'),
(108, 50, 2, 50.00, 3.00, 12.00, -3.38, -3.50, -1.33, -2.53, 'Sangat Pendek', 0.25, 'Sangat Kurang', 0.25, 'Normal', 0.75, 'Kurus', 0.50, '2021-08-02 16:02:22', '2021-08-02 16:02:22');

-- --------------------------------------------------------

--
-- Table structure for table `bbtb`
--

CREATE TABLE `bbtb` (
  `id` bigint(20) UNSIGNED NOT NULL,
  `tinggi_badan` double(8,2) NOT NULL,
  `min3sd` double(8,2) NOT NULL,
  `min2sd` double(8,2) NOT NULL,
  `min1sd` double(8,2) NOT NULL,
  `median` double(8,2) NOT NULL,
  `plus1sd` double(8,2) NOT NULL,
  `plus2sd` double(8,2) NOT NULL,
  `plus3sd` double(8,2) NOT NULL,
  `created_at` timestamp NULL DEFAULT NULL,
  `updated_at` timestamp NULL DEFAULT NULL
) ENGINE=InnoDB DEFAULT CHARSET=utf8mb4 COLLATE=utf8mb4_unicode_ci;

--
-- Dumping data for table `bbtb`
--

INSERT INTO `bbtb` (`id`, `tinggi_badan`, `min3sd`, `min2sd`, `min1sd`, `median`, `plus1sd`, `plus2sd`, `plus3sd`, `created_at`, `updated_at`) VALUES
(1, 45.00, 1.90, 2.10, 2.30, 2.50, 2.70, 3.00, 3.30, NULL, NULL),
(2, 45.50, 2.00, 2.10, 2.30, 2.50, 2.80, 3.10, 3.40, NULL, NULL),
(3, 46.00, 2.00, 2.20, 2.40, 2.60, 2.90, 3.20, 3.50, NULL, NULL),
(4, 46.50, 2.10, 2.30, 2.50, 2.70, 3.00, 3.30, 3.60, NULL, NULL),
(5, 47.00, 2.20, 2.40, 2.60, 2.80, 3.10, 3.40, 3.70, NULL, NULL),
(6, 47.50, 2.20, 2.40, 2.60, 2.90, 3.20, 3.50, 3.80, NULL, NULL),
(7, 48.00, 2.30, 2.50, 2.70, 3.00, 3.30, 3.60, 4.00, NULL, NULL),
(8, 48.50, 2.40, 2.60, 2.80, 3.10, 3.40, 3.70, 4.10, NULL, NULL),
(9, 49.00, 2.40, 2.60, 2.90, 3.20, 3.50, 3.80, 4.20, NULL, NULL),
(10, 49.50, 2.50, 2.70, 3.00, 3.30, 3.60, 3.90, 4.30, NULL, NULL),
(11, 50.00, 2.60, 2.80, 3.10, 3.40, 3.70, 4.00, 4.50, NULL, NULL),
(12, 50.50, 2.70, 2.90, 3.20, 3.50, 3.80, 4.20, 4.60, NULL, NULL),
(13, 51.00, 2.80, 3.00, 3.30, 3.60, 3.90, 4.30, 4.80, NULL, NULL),
(14, 51.50, 2.80, 3.10, 3.40, 3.70, 4.00, 4.40, 4.90, NULL, NULL),
(15, 52.00, 2.90, 3.20, 3.50, 3.80, 4.20, 4.60, 5.10, NULL, NULL),
(16, 52.50, 3.00, 3.30, 3.60, 3.90, 4.30, 4.70, 5.20, NULL, NULL),
(17, 53.00, 3.10, 3.40, 3.70, 4.00, 4.40, 4.90, 5.40, NULL, NULL),
(18, 53.50, 3.20, 3.50, 3.80, 4.20, 4.60, 5.00, 5.50, NULL, NULL),
(19, 54.00, 3.30, 3.60, 3.90, 4.30, 4.70, 5.20, 5.70, NULL, NULL),
(20, 54.50, 3.40, 3.70, 4.00, 4.40, 4.80, 5.30, 5.90, NULL, NULL),
(21, 55.00, 3.50, 3.80, 4.20, 4.50, 5.00, 5.50, 6.10, NULL, NULL),
(22, 55.50, 3.60, 3.90, 4.30, 4.70, 5.10, 5.70, 6.30, NULL, NULL),
(23, 56.00, 3.70, 4.00, 4.40, 4.80, 5.30, 5.80, 6.40, NULL, NULL),
(24, 56.50, 3.80, 4.10, 4.50, 5.00, 5.40, 6.00, 6.60, NULL, NULL),
(25, 57.00, 3.90, 4.30, 4.60, 5.10, 5.60, 6.10, 6.80, NULL, NULL),
(26, 57.50, 4.00, 4.40, 4.80, 5.20, 5.70, 6.30, 7.00, NULL, NULL),
(27, 58.00, 4.10, 4.50, 4.90, 5.40, 5.90, 6.50, 7.10, NULL, NULL),
(28, 58.50, 4.20, 4.60, 5.00, 5.50, 6.00, 6.60, 7.30, NULL, NULL),
(29, 59.00, 4.30, 4.70, 5.10, 5.60, 6.20, 6.80, 7.50, NULL, NULL),
(30, 59.50, 4.40, 4.80, 5.30, 5.70, 6.30, 6.90, 7.70, NULL, NULL),
(31, 60.00, 4.50, 4.90, 5.40, 5.90, 6.40, 7.10, 7.80, NULL, NULL),
(32, 60.50, 4.60, 5.00, 5.50, 6.00, 6.60, 7.30, 8.00, NULL, NULL),
(33, 61.00, 4.70, 5.10, 5.60, 6.10, 6.70, 7.40, 8.20, NULL, NULL),
(34, 61.50, 4.80, 5.20, 5.70, 6.30, 6.90, 7.60, 8.40, NULL, NULL),
(35, 62.00, 4.90, 5.30, 5.80, 6.40, 7.00, 7.70, 8.50, NULL, NULL),
(36, 62.50, 5.00, 5.40, 5.90, 6.50, 7.10, 7.80, 8.70, NULL, NULL),
(37, 63.00, 5.10, 5.50, 6.00, 6.60, 7.30, 8.00, 8.80, NULL, NULL),
(38, 63.50, 5.20, 5.60, 6.20, 6.70, 7.40, 8.10, 9.00, NULL, NULL),
(39, 64.00, 5.30, 5.70, 6.30, 6.90, 7.50, 8.30, 9.10, NULL, NULL),
(40, 64.50, 5.40, 5.80, 6.40, 7.00, 7.60, 8.40, 9.30, NULL, NULL),
(41, 65.00, 5.50, 5.90, 6.50, 7.10, 7.80, 8.60, 9.50, NULL, NULL),
(42, 65.50, 5.50, 6.00, 6.60, 7.20, 7.90, 8.70, 9.60, NULL, NULL),
(43, 66.00, 5.60, 6.10, 6.70, 7.30, 8.00, 8.80, 9.80, NULL, NULL),
(44, 66.50, 5.70, 6.20, 6.80, 7.40, 8.10, 9.00, 9.90, NULL, NULL),
(45, 67.00, 5.80, 6.30, 6.90, 7.50, 8.30, 9.10, 10.00, NULL, NULL),
(46, 67.50, 5.90, 6.40, 7.00, 7.60, 8.40, 9.20, 10.20, NULL, NULL),
(47, 68.00, 6.00, 6.50, 7.10, 7.70, 8.50, 9.40, 10.30, NULL, NULL),
(48, 68.50, 6.10, 6.60, 7.20, 7.90, 8.60, 9.50, 10.50, NULL, NULL),
(49, 69.00, 6.10, 6.70, 7.30, 8.00, 8.70, 9.60, 10.60, NULL, NULL),
(50, 69.50, 6.20, 6.80, 7.40, 8.10, 8.80, 9.70, 10.70, NULL, NULL),
(51, 70.00, 6.30, 6.90, 7.50, 8.20, 9.00, 9.90, 10.90, NULL, NULL),
(52, 70.50, 6.40, 6.90, 7.60, 8.30, 9.10, 10.00, 11.00, NULL, NULL),
(53, 71.00, 6.50, 7.00, 7.70, 8.40, 9.20, 10.10, 11.10, NULL, NULL),
(54, 71.50, 6.50, 7.10, 7.70, 8.50, 9.30, 10.20, 11.30, NULL, NULL),
(55, 72.00, 6.60, 7.20, 7.80, 8.60, 9.40, 10.30, 11.40, NULL, NULL),
(56, 72.50, 6.70, 7.30, 7.90, 8.70, 9.50, 10.50, 11.50, NULL, NULL),
(57, 73.00, 6.80, 7.40, 8.00, 8.80, 9.60, 10.60, 11.70, NULL, NULL),
(58, 73.50, 6.90, 7.40, 8.10, 8.90, 9.70, 10.70, 11.80, NULL, NULL),
(59, 74.00, 6.90, 7.50, 8.20, 9.00, 9.80, 10.80, 11.90, NULL, NULL),
(60, 74.50, 7.00, 7.60, 8.30, 9.10, 9.90, 10.90, 12.00, NULL, NULL),
(61, 75.00, 7.10, 7.70, 8.40, 9.10, 10.00, 11.00, 12.20, NULL, NULL),
(62, 75.50, 7.10, 7.80, 8.50, 9.20, 10.10, 11.10, 12.30, NULL, NULL),
(63, 76.00, 7.20, 7.80, 8.50, 9.30, 10.20, 11.20, 12.40, NULL, NULL),
(64, 76.50, 7.30, 7.90, 8.60, 9.40, 10.30, 11.40, 12.50, NULL, NULL),
(65, 77.00, 7.40, 8.00, 8.70, 9.50, 10.40, 11.50, 12.60, NULL, NULL),
(66, 77.50, 7.40, 8.10, 8.80, 9.60, 10.50, 11.60, 12.80, NULL, NULL),
(67, 78.00, 7.50, 8.20, 8.90, 9.70, 10.60, 11.70, 12.90, NULL, NULL),
(68, 78.50, 7.60, 8.20, 9.00, 9.80, 10.70, 11.80, 13.00, NULL, NULL),
(69, 79.00, 7.70, 8.30, 9.10, 9.90, 10.80, 11.90, 13.10, NULL, NULL),
(70, 79.50, 7.70, 8.40, 9.10, 10.00, 10.90, 12.00, 13.30, NULL, NULL),
(71, 80.00, 7.80, 8.50, 9.20, 10.10, 11.00, 12.10, 13.40, NULL, NULL),
(72, 80.50, 7.90, 8.60, 9.30, 10.20, 11.20, 12.30, 13.50, NULL, NULL),
(73, 81.00, 8.00, 8.70, 9.40, 10.30, 11.30, 12.40, 13.70, NULL, NULL),
(74, 81.50, 8.10, 8.80, 9.50, 10.40, 11.40, 12.50, 13.80, NULL, NULL),
(75, 82.00, 8.10, 8.80, 9.60, 10.50, 11.50, 12.60, 13.90, NULL, NULL),
(76, 82.50, 8.20, 8.90, 9.70, 10.60, 11.60, 12.80, 14.10, NULL, NULL),
(77, 83.00, 8.30, 9.00, 9.80, 10.70, 11.80, 12.90, 14.20, NULL, NULL),
(78, 83.50, 8.40, 9.10, 9.90, 10.90, 11.90, 13.10, 14.40, NULL, NULL),
(79, 84.00, 8.50, 9.20, 10.10, 11.00, 12.00, 13.20, 14.50, NULL, NULL),
(80, 84.50, 8.60, 9.30, 10.20, 11.10, 12.10, 13.30, 14.70, NULL, NULL),
(81, 85.00, 8.70, 9.40, 10.30, 11.20, 12.30, 13.50, 14.90, NULL, NULL),
(82, 85.50, 8.80, 9.50, 10.40, 11.30, 12.40, 13.60, 15.00, NULL, NULL),
(83, 86.00, 8.90, 9.70, 10.50, 11.50, 12.60, 13.80, 15.20, NULL, NULL),
(84, 86.50, 9.00, 9.80, 10.60, 11.60, 12.70, 13.90, 15.40, NULL, NULL),
(85, 87.00, 9.10, 9.90, 10.70, 11.70, 12.80, 14.10, 15.50, NULL, NULL),
(86, 87.50, 9.20, 10.00, 10.90, 11.80, 13.00, 14.20, 15.70, NULL, NULL),
(87, 88.00, 9.30, 10.10, 11.00, 12.00, 13.10, 14.40, 15.90, NULL, NULL),
(88, 88.50, 9.40, 10.20, 11.10, 12.10, 13.20, 14.50, 16.00, NULL, NULL),
(89, 89.00, 9.50, 10.30, 11.20, 12.20, 13.40, 14.70, 16.20, NULL, NULL),
(90, 89.50, 9.60, 10.40, 11.30, 12.30, 13.50, 14.80, 16.40, NULL, NULL),
(91, 90.00, 9.70, 10.50, 11.40, 12.50, 13.70, 15.00, 16.50, NULL, NULL),
(92, 90.50, 9.80, 10.60, 11.50, 12.60, 13.80, 15.10, 16.70, NULL, NULL),
(93, 91.00, 9.90, 10.70, 11.70, 12.70, 13.90, 15.30, 16.90, NULL, NULL),
(94, 91.50, 10.00, 10.80, 11.80, 12.80, 14.10, 15.50, 17.00, NULL, NULL),
(95, 92.00, 10.10, 10.90, 11.90, 13.00, 14.20, 15.60, 17.20, NULL, NULL),
(96, 92.50, 10.10, 11.00, 12.00, 13.10, 14.30, 15.80, 17.40, NULL, NULL),
(97, 93.00, 10.20, 11.10, 12.10, 13.20, 14.50, 15.90, 17.50, NULL, NULL),
(98, 93.50, 10.30, 11.20, 12.20, 13.30, 14.60, 16.10, 17.70, NULL, NULL),
(99, 94.00, 10.40, 11.30, 12.30, 13.50, 14.70, 16.20, 17.90, NULL, NULL),
(100, 94.50, 10.50, 11.40, 12.40, 13.60, 14.90, 16.40, 18.00, NULL, NULL),
(101, 95.00, 10.60, 11.50, 12.60, 13.70, 15.00, 16.50, 18.20, NULL, NULL),
(102, 95.50, 10.70, 11.60, 12.70, 13.80, 15.20, 16.70, 18.40, NULL, NULL),
(103, 96.00, 10.80, 11.70, 12.80, 14.00, 15.30, 16.80, 18.60, NULL, NULL),
(104, 96.50, 10.90, 11.80, 12.90, 14.10, 15.40, 17.00, 18.70, NULL, NULL),
(105, 97.00, 11.00, 12.00, 13.00, 14.20, 15.60, 17.10, 18.90, NULL, NULL),
(106, 97.50, 11.10, 12.10, 13.10, 14.40, 15.70, 17.30, 19.10, NULL, NULL),
(107, 98.00, 11.20, 12.20, 13.30, 14.50, 15.90, 17.50, 19.30, NULL, NULL),
(108, 98.50, 11.30, 12.30, 13.40, 14.60, 16.00, 17.60, 19.50, NULL, NULL),
(109, 99.00, 11.40, 12.40, 13.50, 14.80, 16.20, 17.80, 19.60, NULL, NULL),
(110, 99.50, 11.50, 12.50, 13.60, 14.90, 16.30, 18.00, 19.80, NULL, NULL),
(111, 100.00, 11.60, 12.60, 13.70, 15.00, 16.50, 18.10, 20.00, NULL, NULL),
(112, 100.50, 11.70, 12.70, 13.90, 15.20, 16.60, 18.30, 20.20, NULL, NULL),
(113, 101.00, 11.80, 12.80, 14.00, 15.30, 16.80, 18.50, 20.40, NULL, NULL),
(114, 101.50, 11.90, 13.00, 14.10, 15.50, 17.00, 18.70, 20.60, NULL, NULL),
(115, 102.00, 12.00, 13.10, 14.30, 15.60, 17.10, 18.90, 20.80, NULL, NULL),
(116, 102.50, 12.10, 13.20, 14.40, 15.80, 17.30, 19.00, 21.00, NULL, NULL),
(117, 103.00, 12.30, 13.30, 14.50, 15.90, 17.50, 19.20, 21.30, NULL, NULL),
(118, 103.50, 12.40, 13.50, 14.70, 16.10, 17.60, 19.40, 21.50, NULL, NULL),
(119, 104.00, 12.50, 13.60, 14.80, 16.20, 17.80, 19.60, 21.70, NULL, NULL),
(120, 104.50, 12.60, 13.70, 15.00, 16.40, 18.00, 19.80, 21.90, NULL, NULL),
(121, 105.00, 12.70, 13.80, 15.10, 16.50, 18.20, 20.00, 22.20, NULL, NULL),
(122, 105.50, 12.80, 14.00, 15.30, 16.70, 18.40, 20.20, 22.40, NULL, NULL),
(123, 106.00, 13.00, 14.10, 15.40, 16.90, 18.50, 20.50, 22.60, NULL, NULL),
(124, 106.50, 13.10, 14.30, 15.60, 17.10, 18.70, 20.70, 22.90, NULL, NULL),
(125, 107.00, 13.20, 14.40, 15.70, 17.20, 18.90, 20.90, 23.10, NULL, NULL),
(126, 107.50, 13.30, 14.50, 15.90, 17.40, 19.10, 21.10, 23.40, NULL, NULL),
(127, 108.00, 13.50, 14.70, 16.00, 17.60, 19.30, 21.30, 23.60, NULL, NULL),
(128, 108.50, 13.60, 14.80, 16.20, 17.80, 19.50, 21.60, 23.90, NULL, NULL),
(129, 109.00, 13.70, 15.00, 16.40, 18.00, 19.70, 21.80, 24.20, NULL, NULL),
(130, 109.50, 13.90, 15.10, 16.50, 18.10, 20.00, 22.00, 24.40, NULL, NULL),
(131, 110.00, 14.00, 15.30, 16.70, 18.30, 20.20, 22.30, 24.70, NULL, NULL);

-- --------------------------------------------------------

--
-- Table structure for table `bbu`
--

CREATE TABLE `bbu` (
  `id` bigint(20) UNSIGNED NOT NULL,
  `umur` int(255) NOT NULL,
  `min3sd` double(8,2) NOT NULL,
  `min2sd` double(8,2) NOT NULL,
  `min1sd` double(8,2) NOT NULL,
  `median` double(8,2) NOT NULL,
  `plus1sd` double(8,2) NOT NULL,
  `plus2sd` double(8,2) NOT NULL,
  `plus3sd` double(8,2) NOT NULL
) ENGINE=InnoDB DEFAULT CHARSET=utf8mb4;

--
-- Dumping data for table `bbu`
--

INSERT INTO `bbu` (`id`, `umur`, `min3sd`, `min2sd`, `min1sd`, `median`, `plus1sd`, `plus2sd`, `plus3sd`) VALUES
(1, 0, 2.00, 2.40, 2.80, 3.20, 3.70, 4.20, 4.80),
(2, 1, 2.70, 3.20, 3.60, 4.20, 4.80, 5.50, 6.20),
(3, 2, 3.40, 3.90, 4.50, 5.10, 5.80, 6.60, 7.50),
(4, 3, 4.00, 4.50, 5.20, 5.80, 6.60, 7.50, 8.50),
(5, 4, 4.40, 5.00, 5.70, 6.40, 7.30, 8.20, 9.30),
(6, 5, 4.80, 5.40, 6.10, 6.90, 7.80, 8.80, 10.00),
(7, 6, 5.10, 5.70, 6.50, 7.30, 8.20, 9.30, 10.60),
(8, 7, 5.30, 6.00, 6.80, 7.60, 8.60, 9.80, 11.10),
(9, 8, 5.60, 6.30, 7.00, 7.90, 9.00, 10.20, 11.60),
(10, 9, 5.80, 6.50, 7.30, 8.20, 9.30, 10.50, 12.00),
(11, 10, 5.90, 6.70, 7.50, 8.50, 9.60, 10.90, 12.40),
(12, 11, 6.10, 6.90, 7.70, 8.70, 9.90, 11.20, 12.80),
(13, 12, 6.30, 7.00, 7.90, 8.90, 10.10, 11.50, 13.10),
(14, 13, 6.40, 7.20, 8.10, 9.20, 10.40, 11.80, 13.50),
(15, 14, 6.60, 7.40, 8.30, 9.40, 10.60, 12.10, 13.80),
(16, 15, 6.70, 7.60, 8.50, 9.60, 10.90, 12.40, 14.10),
(17, 16, 6.90, 7.70, 8.70, 9.80, 11.10, 12.60, 14.50),
(18, 17, 7.00, 7.90, 8.90, 10.00, 11.40, 12.90, 14.80),
(19, 18, 7.20, 8.10, 9.10, 10.20, 11.60, 13.20, 15.10),
(20, 19, 7.30, 8.20, 9.20, 10.40, 11.80, 13.50, 15.40),
(21, 20, 7.50, 8.40, 9.40, 10.60, 12.10, 13.70, 15.70),
(22, 21, 7.60, 8.60, 9.60, 10.90, 12.30, 14.00, 16.00),
(23, 22, 7.80, 8.70, 9.80, 11.10, 12.50, 14.30, 16.40),
(24, 23, 7.90, 8.90, 10.00, 11.30, 12.80, 14.60, 16.70),
(25, 24, 8.10, 9.00, 10.20, 11.50, 13.00, 14.80, 17.00),
(26, 25, 8.20, 9.20, 10.30, 11.70, 13.30, 15.10, 17.30),
(27, 26, 8.40, 9.40, 10.50, 11.90, 13.50, 15.40, 17.70),
(28, 27, 8.50, 9.50, 10.70, 12.10, 13.70, 15.70, 18.00),
(29, 28, 8.60, 9.70, 10.90, 12.30, 14.00, 16.00, 18.30),
(30, 29, 8.80, 9.80, 11.10, 12.50, 14.20, 16.20, 18.70),
(31, 30, 8.90, 10.00, 11.20, 12.70, 14.40, 16.50, 19.00),
(32, 31, 9.00, 10.10, 11.40, 12.90, 14.70, 16.80, 19.30),
(33, 32, 9.10, 10.30, 11.60, 13.10, 14.90, 17.10, 19.60),
(34, 33, 9.30, 10.40, 11.70, 13.30, 15.10, 17.30, 20.00),
(35, 34, 9.40, 10.50, 11.90, 13.50, 15.40, 17.60, 20.30),
(36, 35, 9.50, 10.70, 12.00, 13.70, 15.60, 17.90, 20.60),
(37, 36, 9.60, 10.80, 12.20, 13.90, 15.80, 18.10, 20.90),
(38, 37, 9.70, 10.90, 12.40, 14.00, 16.00, 18.40, 21.30),
(39, 38, 9.80, 11.10, 12.50, 14.20, 16.30, 18.70, 21.60),
(40, 39, 9.90, 11.20, 12.70, 14.40, 16.50, 19.00, 22.00),
(41, 40, 10.10, 11.30, 12.80, 14.60, 16.70, 19.20, 22.30),
(42, 41, 10.20, 11.50, 13.00, 14.80, 16.90, 19.50, 22.70),
(43, 42, 10.30, 11.60, 13.10, 15.00, 17.20, 19.80, 23.00),
(44, 43, 10.40, 11.70, 13.30, 15.20, 17.40, 20.10, 23.40),
(45, 44, 10.50, 11.80, 13.40, 15.30, 17.60, 20.40, 23.70),
(46, 45, 10.60, 12.00, 13.60, 15.50, 17.80, 20.70, 24.10),
(47, 46, 10.70, 12.10, 13.70, 15.70, 18.10, 20.90, 24.50),
(48, 47, 10.80, 12.20, 13.90, 15.90, 18.30, 21.20, 24.80),
(49, 48, 10.90, 12.30, 14.00, 16.10, 18.50, 21.50, 25.20),
(50, 49, 11.00, 12.40, 14.20, 16.30, 18.80, 21.80, 25.50),
(51, 50, 11.10, 12.60, 14.30, 16.40, 19.00, 22.10, 25.90),
(52, 51, 11.20, 12.70, 14.50, 16.60, 19.20, 22.40, 26.30),
(53, 52, 11.30, 12.80, 14.60, 16.80, 19.40, 22.60, 26.60),
(54, 53, 11.40, 12.90, 14.80, 17.00, 19.70, 22.90, 27.00),
(55, 54, 11.50, 13.00, 14.90, 17.20, 19.90, 23.20, 27.40),
(56, 55, 11.60, 13.20, 15.10, 17.30, 20.10, 23.50, 27.70),
(57, 56, 11.70, 13.30, 15.20, 17.50, 20.30, 23.80, 28.10),
(58, 57, 11.80, 13.40, 15.30, 17.70, 20.60, 24.10, 28.50),
(59, 58, 11.90, 13.50, 15.50, 17.90, 20.80, 24.40, 28.80),
(60, 59, 12.00, 13.60, 15.60, 18.00, 21.00, 24.60, 29.20),
(61, 60, 12.10, 13.70, 15.80, 18.20, 21.20, 24.90, 29.50);

-- --------------------------------------------------------

--
-- Table structure for table `failed_jobs`
--

CREATE TABLE `failed_jobs` (
  `id` bigint(20) UNSIGNED NOT NULL,
  `connection` text COLLATE utf8mb4_unicode_ci NOT NULL,
  `queue` text COLLATE utf8mb4_unicode_ci NOT NULL,
  `payload` longtext COLLATE utf8mb4_unicode_ci NOT NULL,
  `exception` longtext COLLATE utf8mb4_unicode_ci NOT NULL,
  `failed_at` timestamp NOT NULL DEFAULT current_timestamp()
) ENGINE=InnoDB DEFAULT CHARSET=utf8mb4 COLLATE=utf8mb4_unicode_ci;

-- --------------------------------------------------------

--
-- Table structure for table `imtu`
--

CREATE TABLE `imtu` (
  `id` bigint(20) UNSIGNED NOT NULL,
  `umur` int(11) NOT NULL,
  `min3sd` double(8,2) NOT NULL,
  `min2sd` double(8,2) NOT NULL,
  `min1sd` double(8,2) NOT NULL,
  `median` double(8,2) NOT NULL,
  `plus1sd` double(8,2) NOT NULL,
  `plus2sd` double(8,2) NOT NULL,
  `plus3sd` double(8,2) NOT NULL,
  `created_at` timestamp NULL DEFAULT NULL,
  `updated_at` timestamp NULL DEFAULT NULL
) ENGINE=InnoDB DEFAULT CHARSET=utf8mb4 COLLATE=utf8mb4_unicode_ci;

--
-- Dumping data for table `imtu`
--

INSERT INTO `imtu` (`id`, `umur`, `min3sd`, `min2sd`, `min1sd`, `median`, `plus1sd`, `plus2sd`, `plus3sd`, `created_at`, `updated_at`) VALUES
(1, 0, 10.10, 11.10, 12.20, 13.30, 14.60, 16.10, 17.70, NULL, NULL),
(2, 1, 10.80, 12.00, 13.20, 14.60, 16.00, 17.50, 19.10, NULL, NULL),
(3, 2, 11.80, 13.00, 14.30, 15.80, 17.30, 19.00, 20.70, NULL, NULL),
(4, 3, 12.40, 13.60, 14.90, 16.40, 17.90, 19.70, 21.50, NULL, NULL),
(5, 4, 12.70, 13.90, 15.20, 16.70, 18.30, 20.00, 22.00, NULL, NULL),
(6, 5, 12.90, 14.10, 15.40, 16.80, 18.40, 20.20, 22.20, NULL, NULL),
(7, 6, 13.00, 14.10, 15.50, 16.90, 18.50, 20.30, 22.30, NULL, NULL),
(8, 7, 13.00, 14.20, 15.50, 16.90, 18.50, 20.30, 22.30, NULL, NULL),
(9, 8, 13.00, 14.10, 15.40, 16.80, 18.40, 20.20, 22.20, NULL, NULL),
(10, 9, 12.90, 14.10, 15.30, 16.70, 18.30, 20.10, 22.10, NULL, NULL),
(11, 10, 12.90, 14.00, 15.20, 16.60, 18.20, 19.90, 21.90, NULL, NULL),
(12, 11, 12.80, 13.90, 15.10, 16.50, 18.00, 19.80, 21.80, NULL, NULL),
(13, 12, 12.70, 13.80, 15.00, 16.40, 17.90, 19.60, 21.60, NULL, NULL),
(14, 13, 12.60, 13.70, 14.90, 16.20, 17.70, 19.50, 21.40, NULL, NULL),
(15, 14, 12.60, 13.60, 14.80, 16.10, 17.60, 19.30, 21.30, NULL, NULL),
(16, 15, 12.50, 13.50, 14.70, 16.00, 17.50, 19.20, 21.10, NULL, NULL),
(17, 16, 12.40, 13.50, 14.60, 15.90, 17.40, 19.10, 21.00, NULL, NULL),
(18, 17, 12.40, 13.40, 14.50, 15.80, 17.30, 18.90, 20.90, NULL, NULL),
(19, 18, 12.30, 13.30, 14.40, 15.70, 17.20, 18.80, 20.80, NULL, NULL),
(20, 19, 12.30, 13.30, 14.40, 15.70, 17.10, 18.80, 20.70, NULL, NULL),
(21, 20, 12.20, 13.20, 14.30, 15.60, 17.00, 18.70, 20.60, NULL, NULL),
(22, 21, 12.20, 13.20, 14.30, 15.50, 17.00, 18.60, 20.50, NULL, NULL),
(23, 22, 12.20, 13.10, 14.20, 15.50, 16.90, 18.50, 20.40, NULL, NULL),
(24, 23, 12.20, 13.10, 14.20, 15.40, 16.90, 18.50, 20.40, NULL, NULL),
(25, 24, 12.40, 13.30, 14.40, 15.70, 17.10, 18.70, 20.60, NULL, NULL),
(26, 25, 12.40, 13.30, 14.40, 15.70, 17.10, 18.70, 20.60, NULL, NULL),
(27, 26, 12.30, 13.30, 14.40, 15.60, 17.00, 18.70, 20.60, NULL, NULL),
(28, 27, 12.30, 13.30, 14.40, 15.60, 17.00, 18.60, 20.50, NULL, NULL),
(29, 28, 12.30, 13.30, 14.30, 15.60, 17.00, 18.60, 20.50, NULL, NULL),
(30, 29, 12.30, 13.20, 14.30, 15.60, 17.00, 18.60, 20.40, NULL, NULL),
(31, 30, 12.30, 13.20, 14.30, 15.50, 16.90, 18.50, 20.40, NULL, NULL),
(32, 31, 12.20, 13.20, 14.30, 15.50, 16.90, 18.50, 20.40, NULL, NULL),
(33, 32, 12.20, 13.20, 14.30, 15.50, 16.90, 18.50, 20.40, NULL, NULL),
(34, 33, 12.20, 13.10, 14.20, 15.50, 16.90, 18.50, 20.30, NULL, NULL),
(35, 34, 12.20, 13.10, 14.20, 15.40, 16.80, 18.50, 20.30, NULL, NULL),
(36, 35, 12.10, 13.10, 14.20, 15.40, 16.80, 18.40, 20.30, NULL, NULL),
(37, 36, 12.10, 13.10, 14.20, 15.40, 16.80, 18.40, 20.30, NULL, NULL),
(38, 37, 12.10, 13.10, 14.10, 15.40, 16.80, 18.40, 20.30, NULL, NULL),
(39, 38, 12.10, 13.00, 14.10, 15.40, 16.80, 18.40, 20.30, NULL, NULL),
(40, 39, 12.00, 13.00, 14.10, 15.30, 16.80, 18.40, 20.30, NULL, NULL),
(41, 40, 12.00, 13.00, 14.10, 15.30, 16.80, 18.40, 20.30, NULL, NULL),
(42, 41, 12.00, 13.00, 14.10, 15.30, 16.80, 18.40, 20.40, NULL, NULL),
(43, 42, 12.00, 12.90, 14.00, 15.30, 16.80, 18.40, 20.40, NULL, NULL),
(44, 43, 11.90, 12.90, 14.00, 15.30, 16.80, 18.40, 20.40, NULL, NULL),
(45, 44, 11.90, 12.90, 14.00, 15.30, 16.80, 18.50, 20.40, NULL, NULL),
(46, 45, 11.90, 12.90, 14.00, 15.30, 16.80, 18.50, 20.50, NULL, NULL),
(47, 46, 11.90, 12.90, 14.00, 15.30, 16.80, 18.50, 20.50, NULL, NULL),
(48, 47, 11.80, 12.80, 14.00, 15.30, 16.80, 18.50, 20.50, NULL, NULL),
(49, 48, 11.80, 12.80, 14.00, 15.30, 16.80, 18.50, 20.60, NULL, NULL),
(50, 49, 11.80, 12.80, 13.90, 15.30, 16.80, 18.50, 20.60, NULL, NULL),
(51, 50, 11.80, 12.80, 13.90, 15.30, 16.80, 18.60, 20.70, NULL, NULL),
(52, 51, 11.80, 12.80, 13.90, 15.30, 16.80, 18.60, 20.70, NULL, NULL),
(53, 52, 11.70, 12.80, 13.90, 15.20, 16.80, 18.60, 20.70, NULL, NULL),
(54, 53, 11.70, 12.70, 13.90, 15.30, 16.80, 18.60, 20.80, NULL, NULL),
(55, 54, 11.70, 12.70, 13.90, 15.30, 16.80, 18.70, 20.80, NULL, NULL),
(56, 55, 11.70, 12.70, 13.90, 15.30, 16.80, 18.70, 20.90, NULL, NULL),
(57, 56, 11.70, 12.70, 13.90, 15.30, 16.80, 18.70, 20.90, NULL, NULL),
(58, 57, 11.70, 12.70, 13.90, 15.30, 16.90, 18.70, 21.00, NULL, NULL),
(59, 58, 11.70, 12.70, 13.90, 15.30, 16.90, 18.80, 21.00, NULL, NULL),
(60, 59, 11.60, 12.70, 13.90, 15.30, 16.90, 18.80, 21.00, NULL, NULL),
(61, 60, 11.60, 12.70, 13.90, 15.30, 16.90, 18.80, 21.10, NULL, NULL);

-- --------------------------------------------------------

--
-- Table structure for table `migrations`
--

CREATE TABLE `migrations` (
  `id` int(10) UNSIGNED NOT NULL,
  `migration` varchar(255) COLLATE utf8mb4_unicode_ci NOT NULL,
  `batch` int(11) NOT NULL
) ENGINE=InnoDB DEFAULT CHARSET=utf8mb4 COLLATE=utf8mb4_unicode_ci;

--
-- Dumping data for table `migrations`
--

INSERT INTO `migrations` (`id`, `migration`, `batch`) VALUES
(1, '2014_10_12_000000_create_users_table', 1),
(2, '2019_08_19_000000_create_failed_jobs_table', 1),
(3, '2021_04_09_004203_create_orangtua_table', 1),
(4, '2021_04_09_015736_create_balita_table', 1),
(5, '2021_04_24_051732_create_tbu_table', 2),
(6, '2021_04_24_052035_create_bbu_table', 2),
(7, '2021_04_24_052105_create_bbtb_table', 2),
(8, '2021_04_24_052135_create_imtu_table', 2);

-- --------------------------------------------------------

--
-- Table structure for table `orangtua`
--

CREATE TABLE `orangtua` (
  `id` bigint(20) UNSIGNED NOT NULL,
  `id_user` bigint(20) UNSIGNED NOT NULL,
  `nama_ibu` varchar(255) COLLATE utf8mb4_unicode_ci NOT NULL,
  `nama_balita` varchar(255) COLLATE utf8mb4_unicode_ci NOT NULL,
  `jenis_kelamin` varchar(255) COLLATE utf8mb4_unicode_ci NOT NULL,
  `nik` varchar(255) COLLATE utf8mb4_unicode_ci DEFAULT NULL,
  `kk` varchar(255) COLLATE utf8mb4_unicode_ci DEFAULT NULL,
  `no_hp` varchar(255) COLLATE utf8mb4_unicode_ci NOT NULL,
  `no_darurat` varchar(255) COLLATE utf8mb4_unicode_ci NOT NULL,
  `alamat` text COLLATE utf8mb4_unicode_ci NOT NULL,
  `created_at` timestamp NULL DEFAULT NULL,
  `updated_at` timestamp NULL DEFAULT NULL
) ENGINE=InnoDB DEFAULT CHARSET=utf8mb4 COLLATE=utf8mb4_unicode_ci;

--
-- Dumping data for table `orangtua`
--

INSERT INTO `orangtua` (`id`, `id_user`, `nama_ibu`, `nama_balita`, `jenis_kelamin`, `nik`, `kk`, `no_hp`, `no_darurat`, `alamat`, `created_at`, `updated_at`) VALUES
(4, 11, 'SITI', 'NUR KHASANAH', 'Perempuan', '74720866012000001', '7472081310170003', '082399205165', '082399205166', 'JL. WAKAAKA KAOBULA', '2021-07-06 06:32:48', '2021-08-18 05:21:55'),
(5, 12, 'ANI', 'WA ODE SHAREEN KIRANI', 'Perempuan', '7472085904180001', '7472080911170005', '082344072091', '082344072323', 'JL WAKAAKA', '2021-07-08 06:51:13', '2021-08-18 05:21:55'),
(6, 13, 'SITI', 'WA ODE QUEENSHA AQILLA NAIMA', 'Perempuan', '7472062106870001', '7472051406140001', '082223246652', '081244083243', 'JL WAKAAKA', '2021-07-08 06:58:26', '2021-08-18 05:21:55'),
(7, 14, 'SINA', 'WA ODE MAHARANI', 'Perempuan', '7472125805201240004', '7472020402190001', '082344674432', '083356732411', 'JL WAKAAKA', '2021-07-09 01:48:21', '2021-08-18 05:21:56'),
(8, 15, 'ANIA', 'ALINA RAYYA AL YUSUF', 'Perempuan', '7472085303190002', '7472080811160004', '082213314156', '0811564422', 'JL WAKAAKA', '2021-07-09 01:50:24', '2021-08-18 05:21:55'),
(9, 16, 'AJENG', 'WA ODE ARSYLA ROMEESA FARZANA', 'Perempuan', '7472085905180001', '7472080811160004', '081213141516', '082324252627', 'JL WAKAAKA', '2021-07-09 02:01:12', '2021-08-18 05:21:56'),
(10, 17, 'YUNI', 'IIN DWY LESTARI', 'Perempuan', '7472085002200001', '7472081207180001', '081213142233', '085756545354', 'JL WAKAAKA', '2021-07-09 02:03:48', '2021-08-18 05:21:55'),
(11, 18, 'IIN', 'MUH. ALLAZHAN', 'Laki-laki', '7472120210202509', '7472080907200001', '082324252623', '084545433662', 'JL WAKAAKA', '2021-07-09 02:05:30', '2021-08-18 05:21:56'),
(12, 19, 'PUTRI', 'SHANUM', 'Perempuan', '7472124111202537', '7472082504160005', '085653542322', '082344072091', 'JL WAKAAKA', '2021-07-09 02:06:54', '2021-08-18 05:21:56'),
(13, 20, 'SINTIA', 'NAUFAL FIRZATUL SARMA MBISA', 'Laki-laki', '7472080409160001', '8206010902210003', '085243221123', '082344072091', 'JL WAKAAKA', '2021-07-09 02:08:44', '2021-08-18 05:21:55'),
(14, 21, 'WA AMIRA', 'KAILAH', 'Perempuan', '7472125912195464', '7414062002180008', '082344216654', '082344123455', 'JL WAKAAKA', '2021-07-09 02:10:26', '2021-08-18 05:21:55'),
(15, 22, 'AYUNINGSIH', 'MUHAMMAD RIFKY ALKHALIFI', 'Laki-laki', '7472123010201520', '7472061602080256', '082345332111', '08113422334', 'JL WAKAAKA', '2021-07-09 02:12:09', '2021-08-18 05:21:55'),
(16, 23, 'INDRIANI', 'MUH. ALAZYHAN', 'Laki-laki', '7472121004199592', '7472061602080256', '0822436552324', '082355662324', 'JL WAKAAKA', '2021-07-09 02:13:50', '2021-08-18 05:21:55'),
(17, 24, 'WA USI', 'SITI FAIRA NUR ARAFAH', 'Perempuan', '7472086112160001', '7472061602080256', '082343667741', '082355614422', 'JL WAKAAKA', '2021-07-09 02:15:47', '2021-08-18 05:21:56'),
(18, 25, 'YESENIA', 'ALISYA', 'Perempuan', '7472125303216130', '7472080312150003', '081213222545', '081345223422', 'JL WAKAAKA', '2021-07-09 02:18:08', '2021-08-18 05:21:55'),
(19, 26, 'WA ATI', 'FADLAN', 'Laki-laki', '7472121604211725', '7405102701210001', '081213342365', '08234567890', 'JL WAKAAKA', '2021-07-09 02:19:54', '2021-08-18 05:21:55'),
(20, 27, 'AZIZAH', 'WA ODE AIRYN RAMADANI', 'Perempuan', '7472084506619000', '7472061011090005', '082355673345', '08565433223', 'JL WAKAAKA', '2021-07-09 02:21:33', '2021-08-18 05:21:56'),
(21, 28, 'ASNI', 'ALFAREZI MUFLIH ABQARY', 'Laki-laki', '7472081410190002', '7472082912130003', '0823445622342', '085366774354', 'JL WAKAAKA', '2021-07-09 02:23:15', '2021-08-18 05:21:55'),
(22, 29, 'SUANI', 'NUR SYAFIYAH S', 'Perempuan', '7472087009180002', '7472082311180002', '085532459876', '08236654432', 'JL WAKAAKA', '2021-07-09 02:24:51', '2021-08-18 05:21:55'),
(23, 30, 'JENI', 'MUHAMMAD QAIF HANAN', 'Laki-laki', '7472021112190001', '7472020711140001', '085277885546', '0856443234', 'JL WAKAAKA', '2021-07-09 02:26:25', '2021-08-18 05:21:55'),
(24, 31, 'ASTI', 'MUHAMMAD ALFANDY', 'Laki-laki', '7472081112190001', '7472061602080237', '082344578234', '082366752344', 'JL WAKAAKA', '2021-07-09 02:27:49', '2021-08-18 05:21:55'),
(25, 32, 'INDAH', 'REZKY RAMADHAN ALFARIS', 'Laki-laki', '7472080206190002', '7472081203140001', '082234578890', '082134567721', 'JL WAKAAKA', '2021-07-09 02:29:42', '2021-08-18 05:21:55'),
(26, 33, 'TANIA', 'WD. JANNATU SAUQIA', 'Perempuan', '7472086807190001', '7472061809120001', '082133455633', '082133447865', 'JL WAKAAKA', '2021-07-09 02:31:30', '2021-08-18 05:21:56'),
(27, 34, 'ANISA', 'MUHAMMAD ABIDZAR RASHAAD ARIF', 'Laki-laki', '747208160321002', '7472080206170002', '085623242111', '082355678912', 'JL WAKAAKA', '2021-07-09 02:33:06', '2021-08-18 05:21:55'),
(28, 35, 'ANITA', 'MUHAMAD DANISWARA', 'Laki-laki', '7472082202180001', '7472081207180001', '081213665623', '08526678901', 'JL WAKAAKA', '2021-07-09 02:34:43', '2021-08-18 05:21:56'),
(29, 36, 'UMI', 'WA ODE SITTI NURAHMA', 'Perempuan', '7472086601200003', '7472080811170003', '081567772341', '085612778233', 'JL WAKAAKA', '2021-07-09 02:37:01', '2021-08-18 05:21:56'),
(30, 37, 'ANDINI', 'TARENDRA ABIZAR HASAN', 'Laki-laki', '7472081809180001', '7472081205160003', '081266772315', '081215662511', 'JL WAKAAKA', '2021-07-09 02:39:04', '2021-08-18 05:21:56'),
(31, 38, 'YARNI', 'LAODE HIZAM ATHA OKTARIAN', 'Laki-laki', '7472080410190002', '7472011602081017', '082356334265', '085677882342', 'JL WAKAAKA', '2021-07-09 02:44:01', '2021-08-18 05:21:55'),
(32, 39, 'SUKMA', 'MUH. YUSUF AMMAR', 'Laki-laki', '7472080601200001', '7472081306190003', '082366572341', '085312671616', 'JL WAKAAKA', '2021-07-09 02:46:16', '2021-08-18 05:21:55'),
(33, 40, 'INTAN', 'DIVIYA KHALILA', 'Laki-laki', '7472124106207063', '7472060504120006', '082398034561', '082387332191', 'JL WAKAAKA', '2021-07-09 02:48:38', '2021-08-18 05:21:55'),
(34, 41, 'BIANI', 'OKTA FADIRA IRSAYD', 'Perempuan', '7407044610180001', '7407040107190001', '081566112334', '08178822342', 'JL WAKAAKA', '2021-07-09 02:50:39', '2021-08-18 05:21:55'),
(35, 42, 'SURI', 'WA ODE RANIA ARDILA PUTRI Z', 'Perempuan', '7472085603200001', '747208160420002', '085622316672', '0823667114551', 'JL WAKAAKA', '2021-07-09 02:52:54', '2021-08-18 05:21:56'),
(36, 43, 'SANIA', 'WD. ST. AQIFAH NAILAH TAHLIL', 'Perempuan', '7472084402200001', '7472061701120005', '081246335215', '082891163331', 'JL WAKAAKA', '2021-07-09 02:54:49', '2021-08-18 05:21:56'),
(37, 44, 'IKI', 'LA ODE MUHAMMAD ARSYAD', 'Laki-laki', '7472082711200001', '7472081505180001', '081588962234', '082344082231', 'JL WAKAAKA', '2021-07-09 02:56:24', '2021-08-18 05:21:55'),
(38, 45, 'REFI', 'MUHAMMAD RAFKA ALFARIZKI', 'Laki-laki', '7472081004190001', '7472080505140001', '082312551123', '08573348892', 'JL WAKAAKA', '2021-07-09 02:58:03', '2021-08-18 05:21:55'),
(39, 46, 'WA ANI', 'MUHAMAD ZAIIM RIDHO AMAN HARTO', 'Laki-laki', '7472082806190001', '7472080505140001', '085388977533', '081533427899', 'JL WAKAAKA', '2021-07-09 03:00:07', '2021-08-18 05:21:55'),
(40, 47, 'ASTINA', 'AZZYLA PUTRI S', 'Perempuan', '747208441220001', '7472081501150003', '08238893321', '0823444787', 'JL WAKAAKA', '2021-07-09 03:02:30', '2021-08-18 05:21:55'),
(41, 48, 'SARIDA', 'GHAZZAL THABRANI HAFIZHAN', 'Laki-laki', '7472081410190001', '7472012006190001', '082312778233', '081577123378', 'JL WAKAAKA', '2021-07-09 03:04:31', '2021-08-18 05:21:55'),
(42, 49, 'ASNA', 'KHADIJAH ATH-THAHIRAH', 'Perempuan', '7472086201210001', '7472082105150000', '085366781231', '082267889123', 'JL WAKAAKA', '2021-07-09 03:06:25', '2021-08-18 05:21:55'),
(43, 51, 'ASNA', 'FATIMAH AZ ZAHRA', 'Perempuan', '7472085604190001', '7472082105150003', '082133881811', '082344408222', 'JL WAKAAKA', '2021-07-09 03:09:05', '2021-08-18 05:21:55'),
(44, 52, 'KALIA', 'SYAFIQ GHAISAN SARMA MBISA', 'Laki-laki', '747208301020002', '8206010902210003', '081577892341', '081277813334', 'JL WAKAAKA', '2021-07-09 03:11:13', '2021-08-18 05:21:56'),
(45, 53, 'HALUA', 'L.M.ABDUL MANAN', 'Laki-laki', '7472083107190003', '7472080705170001', '082344971123', '0812113334422', 'JL WAKAAKA', '2021-07-09 03:12:46', '2021-08-18 05:21:56'),
(46, 54, 'RINI', 'AYLA MILANI PUTRI S', 'Perempuan', '7472085201190001', '7472081601150003', '0822456788233', '082235568944', 'JL WAKAAKA', '2021-07-09 03:14:56', '2021-08-18 05:21:56'),
(47, 55, 'ISNA', 'MUHAMMAD RISDAN', 'Laki-laki', '7472080350180001', '7472082811190001', '082244572273', '081288923399', 'JL WAKAAKA', '2021-07-09 03:43:49', '2021-08-18 05:21:55'),
(48, 56, 'INAYA', 'FARZANA SEZHA MECCA', 'Perempuan', '7472086304180003', '7472061602080146', '08537789912', '082366711882', 'JL WAKAAKA', '2021-07-09 03:45:28', '2021-08-18 05:21:56'),
(49, 57, 'ITAWATI', 'WA ODE AZQIARA AZZAHRA LATIF', 'Perempuan', '7472085005200001', '7472061901120001', '082344562342', '082366718881', 'JL WAKAAKA', '2021-07-09 03:46:58', '2021-08-18 05:21:56'),
(50, 58, 'RATNA', 'LA ODE MUH. HABIBUR KHALIK', 'Laki-laki', '7472080207200002', '7472062307090004', '081233456113', '081577173322', 'JL WAKAAKA', '2021-07-09 03:48:16', '2021-08-18 05:21:55'),
(51, 59, 'SARTI', 'WA ODE AKIFA NAILA R', 'Perempuan', '7472086905190002', '7472062307090004', '082344073345', '082355642211', 'JL WAKAAKA', '2021-07-09 03:49:36', '2021-08-18 05:21:56'),
(52, 61, 'JENI', 'ELFI PUTRI W', 'Perempuan', '7472084712190003', '8208030808180001', '082344072231', '085329818233', 'JL WAKAAKA', '2021-07-09 03:51:43', '2021-08-18 05:21:56'),
(53, 62, 'WATI', 'ARSYILA ROMEESA ARIF', 'Perempuan', '7472086111170001', '7472080206170002', '082344569021', '085622351234', 'JL WAKAAKA', '2021-07-09 03:57:11', '2021-07-09 03:57:11'),
(54, 63, 'SIANI', 'LA ODE UWAIS GHAZY', 'Laki-laki', '7472061709190001', '7472081902150005', '082334664416', '081566341152', 'JL WAKAAKA', '2021-07-11 05:09:17', '2021-08-18 05:21:56'),
(55, 64, 'NARTI', 'FITRIAH RIZKY RAMADHANI', 'Perempuan', '7472086306170001', '7472080310160002', '082344072283', '085344561231', 'JL WAKAAKA', '2021-07-11 05:11:17', '2021-08-18 05:21:56'),
(57, 66, 'JAMILA', 'AZZAM DZAKI', 'Laki-laki', '7472081011150003', '7472081601150003', '0823440739938', '082344587223', 'KAOBULA', '2021-08-02 05:27:23', '2021-08-18 05:21:56'),
(58, 67, 'ANGGI', 'AINUL MARDHIAH', 'Perempuan', '7472086304180002', '7472081310170003', '085322526617', '085766261121', 'KAOBULA', '2021-08-02 05:29:32', '2021-08-18 05:21:56'),
(59, 68, 'NURSIDA', 'ABIZAR', 'Laki-laki', '7472083012150000', '7472080608140002', '082355261123', '08234467221', 'KAOBULA', '2021-08-02 05:33:44', '2021-08-18 05:21:56'),
(60, 69, 'ARNIA', 'ABD. RASYID', 'Laki-laki', '7206050611140002', '7472082611160002', '082344588111', '08234456221', 'KAOBULA', '2021-08-02 05:35:18', '2021-08-18 05:21:56'),
(61, 70, 'BARNI', 'UBAY', 'Laki-laki', '7472122006211224', '7472081902190005', '0823445612322', '085677463312', 'KAOBULA', '2021-08-02 05:37:13', '2021-08-18 05:21:56'),
(62, 71, 'YANA', 'KHALISYA NUWAIRA HUMA', 'Perempuan', '7472084303210002', '7472080311200002', '082166532211', '081233132133', 'KAOBULA', '2021-08-02 05:38:37', '2021-08-18 05:21:56'),
(63, 72, 'DINI', 'ARSYAH BILAL ANATA PUTRA', 'Laki-laki', '7472081703210001', '7472082708200003', '081233321113', '084566316331', 'KAOBULA', '2021-08-02 05:40:12', '2021-08-18 05:21:56'),
(64, 73, 'SINAR', 'ALFAREZEL ARFAN', 'Laki-laki', '7472081811200002', '7472082808180002', '082233372321', '082344221131', 'KAOBULA', '2021-08-02 05:42:42', '2021-08-18 05:21:56'),
(65, 74, 'ADINA', 'GIBRAN', 'Laki-laki', '7472122103213810', '7404272808180001', '082344123342', '083342213234', 'KAOBULA', '2021-08-02 05:44:43', '2021-08-18 05:21:56'),
(66, 75, 'MULI', 'KHAIRAN HAYYAN MULYADIN', 'Laki-laki', '7415062404210001', '7415062309200001', '083322423334', '084332323113', 'KAOBULA', '2021-08-02 05:46:26', '2021-08-18 05:21:56'),
(67, 76, 'SAFIRA', 'WA ODE GEBI', 'Perempuan', '7472126412183728', '7472062601120005', '0823554311321', '0855477533443', 'KAOBULA', '2021-08-02 05:48:05', '2021-08-18 05:21:56'),
(68, 77, 'RUSNA', 'L.M. RIFQHI', 'Laki-laki', '7472082811170003', '7472081110170002', '08237671651623', '082344561172', 'KAOBULA', '2021-08-02 06:03:56', '2021-08-18 05:21:56'),
(69, 78, 'NITA', 'FELZA AZ ZAHRA', 'Perempuan', '7472124309193052', '7472061602081136', '082344482029', '085647743211', 'KAOBULA', '2021-08-02 06:05:52', '2021-08-18 05:21:56'),
(70, 79, 'RANI', 'MARYAM', 'Perempuan', '7472124810202153', '7472061002110010', '082344722211', '085354425551', 'KAOBULA', '2021-08-02 06:07:23', '2021-08-18 05:21:56'),
(71, 80, 'HAMSIA', 'WA ODE HAURA RAMADHINA', 'Perempuan', '7472084606180001', '7472062303090003', '082344533112', '085344321121', 'KAOBULA', '2021-08-02 06:08:50', '2021-08-18 05:21:56'),
(72, 81, 'YUNIA', 'MUH ALIM', 'Laki-laki', '7472122512205337', '7472082102180004', '082344673322', '082344562211', 'KAOBULA', '2021-08-02 06:10:30', '2021-08-18 05:21:56'),
(73, 82, 'SUGIA', 'EGIVAR DWI HARIYANTO', 'Laki-laki', '7472080103180001', '7472082101140003', '082232231123', '085723442437', 'KAOBULA', '2021-08-02 06:12:44', '2021-08-18 05:21:56'),
(74, 83, 'SUCI', 'LA ODE MUH SULAIMAN SUBHAN', 'Laki-laki', '7415012310190001', '7415013009190003', '082234421122', '084553322211', 'KAOBULA', '2021-08-02 06:14:18', '2021-08-18 05:21:56'),
(75, 84, 'YULI', 'MUHAMAD DANIYAL CHAIRIL', 'Laki-laki', '7472080706190001', '7472062505100005', '082344577632', '085677645532', 'KAOBULA', '2021-08-02 06:16:57', '2021-08-18 05:21:56'),
(76, 85, 'MUSINI', 'NUR AINUN', 'Perempuan', '7472084508160001', '7404270809200004', '0823445673632', '08234467582737', 'KAOBULA', '2021-08-02 06:18:21', '2021-08-18 05:21:56'),
(77, 86, 'ARINA', 'ARSYLA ROMEESA ERSAFIN', 'Perempuan', '7472086201210002', '7472081404200004', '08234475822322', '085388766372', 'KAOBULA', '2021-08-02 06:20:08', '2021-08-18 05:21:56'),
(78, 87, 'SUKINI', 'LD. MUH. FIRZA ZAYN REZQIANO ZICO', 'Laki-laki', '7472083011200002', '7472061602080795', '0856774763828', '082344593583', 'KAOBULA', '2021-08-02 06:21:32', '2021-08-18 05:21:56'),
(79, 89, 'SURIA', 'AZIZAH', 'Perempuan', '7472024107180004', '7472021404150001', '0853442526631', '0853442416623', 'KAOBULA', '2021-08-02 06:23:38', '2021-08-18 05:21:56'),
(80, 90, 'NAYA', 'REFHANY', 'Laki-laki', '747208550810002', '742060911100001', '082344723323', '0856443526171', 'KAOBULA', '2021-08-02 06:25:06', '2021-08-18 05:21:56'),
(81, 91, 'NASIRA', 'NAJWA DWI RAMADANI', 'Perempuan', '7472086405180002', '7472062707100004', '082344652232', '0856551431123', 'KAOBULA', '2021-08-02 06:26:29', '2021-08-18 05:21:56'),
(82, 92, 'JUNIA', 'AQILA', 'Perempuan', '7472085903190001', '7472061401130001', '082344573993', '084544324345', 'KAOBULA', '2021-08-02 06:28:17', '2021-08-18 05:21:56'),
(83, 93, 'MUSIFA', 'NAURA DWI OKTAVIANA', 'Perempuan', '7472086810180001', '7472082504160003', '085622412311', '0823445162271', 'KAOBULA', '2021-08-02 06:30:08', '2021-08-18 05:21:56'),
(84, 94, 'MUSI', 'HAIDAR ABIMANA MUSTAKIM', 'Laki-laki', '7472081712190001', '7472082210150003', '0823445613312', '0856441526313', 'KAOBULA', '2021-08-02 06:31:40', '2021-08-18 05:21:56'),
(85, 95, 'WA JIJI', 'RAESYA ALMIRA MUSTAKIM', 'Perempuan', '7472086706170001', '7472082210150003', '0823447822913', '0833211384422', 'KAOBULA', '2021-08-02 06:34:05', '2021-08-18 05:21:56'),
(86, 96, 'PIPIT', 'QIYANO REZKI', 'Laki-laki', '7472080404200001', '7472082705160002', '0813377381123', '0823889011192', 'KAOBULA', '2021-08-02 06:36:33', '2021-08-18 05:21:56'),
(87, 97, 'FINI', 'NAUFAL RADITYA', 'Laki-laki', '7472082703200001', '7472081203200001', '082344871923', '085677262311', 'KAOBULA', '2021-08-02 06:38:09', '2021-08-18 05:21:56'),
(88, 98, 'MARTINI', 'HANAN FAIQAH', 'Laki-laki', '7472084603170001', '7472080902150002', '082344872384', '0853447281991', 'KAOBULA', '2021-08-02 06:39:59', '2021-08-18 05:21:56'),
(89, 99, 'SUMIATI', 'MILKA NARAYA', 'Perempuan', '7472086003200001', '7472061602080929', '0835266172883', '0856773618813', 'KAOBULA', '2021-08-02 06:41:29', '2021-08-18 05:21:56'),
(90, 100, 'INA', 'MUH. REZKY ADITYA', 'Laki-laki', '7472081604170002', '7472080207190005', '08232445849940', '0812332444859', 'KAOBULA', '2021-08-02 06:51:35', '2021-08-18 05:21:56'),
(91, 101, 'ANISAH', 'KANAYA NAZHIFA MULIANTI', 'Perempuan', '7472084409190001', '7472080207190005', '0823554665466', '0856774343432', 'KAOBULA', '2021-08-02 06:53:26', '2021-08-18 05:21:56'),
(93, 103, 'SURIATI', 'MUHAMMAD AQZAN AL AFIDZ', 'Laki-laki', '7472082010160001', '7472060902110018', '0835465642722', '0823443635626', 'KAOBULA', '2021-08-02 07:03:46', '2021-08-18 05:21:56'),
(94, 104, 'RIYANA', 'RIZKA RAHMADANI ARISTIYAN', 'Perempuan', '7472085206170001', '7472082003170002', '0823474882728', '0823473739282', 'KAOBULA', '2021-08-02 07:05:54', '2021-08-18 05:21:56'),
(95, 105, 'NAYAR', 'TEFHANY AGISTA NAYU', 'Perempuan', '7472085508180002', '7472060911110001', '08552643713', '0823441516667', 'KAOBULA', '2021-08-02 07:07:17', '2021-08-18 05:21:56'),
(96, 106, 'SUMI', 'RANIA AL MAYASYA', 'Perempuan', '7472084310180001', '7472062003120007', '083329494049', '085684499485', 'KAOBULA', '2021-08-02 07:09:06', '2021-08-18 05:21:56'),
(97, 107, 'ASINTA', 'BELA RAMADHANI', 'Perempuan', '7472086205180001', '7472061111100002', '083423441561', '08686564545', 'KAOBULA', '2021-08-02 07:14:37', '2021-08-18 05:21:56'),
(98, 108, 'MUNA', 'WA ODE NUR ALMEERA AQILLA MUIS', 'Perempuan', '7472084507180001', '7472081701180005', '0856443256172', '0813423516271', 'KAOBULA', '2021-08-02 07:16:16', '2021-08-18 05:21:56'),
(99, 109, 'BUNGA', 'WA ODE AULIAN', 'Perempuan', '7472084412190001', '7472063107100004', '084524414672771', '0823441514727', 'KAOBULA', '2021-08-02 07:18:18', '2021-08-18 05:21:56'),
(100, 112, 'FAUZIA', 'WA ODE AULIAN', 'Perempuan', '7472084412190001', '7472063107100004', '0823445582211', '08234411339490', 'KAOBULA', '2021-08-02 14:33:58', '2021-08-18 05:21:56'),
(101, 113, 'MURNI', 'LA ODE MUH REZVAN PAHLEVI', 'Laki-laki', '7472081612190001', '747206160208714', '0812445136615', '081335416611', 'KOABULA', '2021-08-02 14:36:15', '2021-08-18 05:21:56'),
(102, 114, 'WA UZU', 'FALLEN REZKI', 'Laki-laki', '7472081703170001', '7472061602081136', '081233772839', '0812338712388', 'KAOBULA', '2021-08-02 14:37:30', '2021-08-18 05:21:56'),
(103, 115, 'WA AMNA', 'ADIVA TRI ADZKIYA', 'Perempuan', '7472086103180001', '7472061602080711', '082399482293', '08234472928849', 'KAOBULA', '2021-08-02 14:39:09', '2021-08-18 05:21:56'),
(104, 116, 'MAEMUNA', 'WA ODE AURALIA PUTRI MUSNAWIR', 'Perempuan', '7472085007170001', '7472060812100001', '0823551466171', '082366147717', 'KAOBULA', '2021-08-02 14:41:32', '2021-08-18 05:21:56'),
(105, 117, 'WA AMBE', 'RAHMAN LA MELAHI', 'Laki-laki', '7472082705170001', '7472061602084241', '082377381889', '08527618816178', 'KAOBULA', '2021-08-02 14:43:22', '2021-08-18 05:21:56');

-- --------------------------------------------------------

--
-- Table structure for table `tbu`
--

CREATE TABLE `tbu` (
  `id` bigint(20) UNSIGNED NOT NULL,
  `umur` int(11) NOT NULL,
  `min3sd` double(8,2) NOT NULL,
  `min2sd` double(8,2) NOT NULL,
  `min1sd` double(8,2) NOT NULL,
  `median` double(8,2) NOT NULL,
  `plus1sd` double(8,2) NOT NULL,
  `plus2sd` double(8,2) NOT NULL,
  `plus3sd` double(8,2) NOT NULL,
  `created_at` timestamp NULL DEFAULT NULL,
  `updated_at` timestamp NULL DEFAULT NULL
) ENGINE=InnoDB DEFAULT CHARSET=utf8mb4 COLLATE=utf8mb4_unicode_ci;

--
-- Dumping data for table `tbu`
--

INSERT INTO `tbu` (`id`, `umur`, `min3sd`, `min2sd`, `min1sd`, `median`, `plus1sd`, `plus2sd`, `plus3sd`, `created_at`, `updated_at`) VALUES
(2, 1, 47.80, 49.80, 51.70, 53.70, 55.60, 57.60, 59.50, NULL, NULL),
(3, 2, 51.00, 53.00, 55.00, 57.10, 59.10, 61.10, 63.20, NULL, NULL),
(4, 3, 53.50, 55.60, 57.70, 59.80, 61.90, 64.00, 66.10, NULL, NULL),
(5, 4, 55.60, 57.80, 59.90, 62.10, 64.30, 66.40, 68.60, NULL, NULL),
(6, 5, 57.40, 59.60, 61.80, 64.00, 66.20, 68.50, 70.70, NULL, NULL),
(7, 6, 58.90, 61.20, 63.50, 65.70, 68.00, 70.30, 72.50, NULL, NULL),
(8, 7, 60.30, 62.70, 65.00, 67.30, 69.60, 71.90, 74.20, NULL, NULL),
(9, 8, 61.70, 64.00, 66.40, 68.70, 71.10, 73.50, 75.80, NULL, NULL),
(10, 9, 62.90, 65.30, 67.70, 70.10, 72.60, 75.00, 77.40, NULL, NULL),
(11, 10, 64.10, 66.50, 69.00, 71.50, 73.90, 76.40, 78.90, NULL, NULL),
(12, 11, 65.20, 67.70, 70.30, 72.80, 75.30, 77.80, 80.30, NULL, NULL),
(13, 12, 66.30, 68.90, 71.40, 74.00, 76.60, 79.20, 81.70, NULL, NULL),
(14, 13, 67.30, 70.00, 72.60, 75.20, 77.80, 80.50, 83.10, NULL, NULL),
(15, 14, 68.30, 71.00, 73.70, 76.40, 79.10, 81.70, 84.40, NULL, NULL),
(16, 15, 69.30, 72.00, 74.80, 77.50, 80.20, 83.00, 85.70, NULL, NULL),
(17, 16, 70.20, 73.00, 75.80, 78.60, 81.40, 84.20, 87.00, NULL, NULL),
(18, 17, 71.10, 74.00, 76.80, 79.70, 82.50, 85.40, 88.20, NULL, NULL),
(19, 18, 72.00, 74.90, 77.80, 80.70, 83.60, 86.50, 89.40, NULL, NULL),
(20, 19, 72.80, 75.80, 78.80, 81.70, 84.70, 87.60, 90.60, NULL, NULL),
(21, 20, 73.70, 76.70, 79.70, 82.70, 85.70, 88.70, 91.70, NULL, NULL),
(22, 21, 74.50, 77.50, 80.60, 83.70, 86.70, 89.80, 92.90, NULL, NULL),
(23, 22, 75.20, 78.40, 81.50, 84.60, 87.70, 90.80, 94.00, NULL, NULL),
(24, 23, 76.00, 79.20, 82.30, 85.50, 88.70, 91.90, 95.00, NULL, NULL),
(25, 24, 76.70, 80.00, 83.20, 86.40, 89.60, 92.90, 96.10, NULL, NULL),
(26, 25, 76.80, 80.00, 83.30, 86.60, 89.90, 93.10, 96.40, NULL, NULL),
(27, 26, 77.50, 80.80, 84.10, 87.40, 90.80, 94.10, 97.40, NULL, NULL),
(28, 27, 78.10, 81.50, 84.90, 88.30, 91.70, 95.00, 98.40, NULL, NULL),
(29, 28, 78.80, 82.20, 85.70, 89.10, 92.50, 96.00, 99.40, NULL, NULL),
(30, 29, 79.50, 82.90, 86.40, 89.90, 93.40, 96.90, 100.30, NULL, NULL),
(31, 30, 80.10, 83.60, 87.10, 90.70, 94.20, 97.70, 101.30, NULL, NULL),
(32, 31, 80.70, 84.30, 87.90, 91.40, 95.00, 98.60, 102.20, NULL, NULL),
(33, 32, 81.30, 84.90, 88.60, 92.20, 95.80, 99.40, 103.10, NULL, NULL),
(34, 33, 81.90, 85.60, 89.30, 92.90, 96.60, 100.30, 103.90, NULL, NULL),
(35, 34, 82.50, 86.20, 89.90, 93.60, 97.40, 101.10, 104.80, NULL, NULL),
(36, 35, 83.10, 86.80, 90.60, 94.40, 98.10, 101.90, 105.60, NULL, NULL),
(37, 36, 83.60, 87.40, 91.20, 95.10, 98.90, 102.70, 106.50, NULL, NULL),
(38, 37, 84.20, 88.00, 91.90, 95.70, 99.60, 103.40, 107.30, NULL, NULL),
(39, 38, 84.70, 88.60, 92.50, 96.40, 100.30, 104.20, 108.10, NULL, NULL),
(40, 39, 85.30, 89.20, 93.10, 97.10, 101.00, 105.00, 108.90, NULL, NULL),
(41, 40, 85.80, 89.80, 93.80, 97.70, 101.70, 105.70, 109.70, NULL, NULL),
(42, 41, 86.30, 90.40, 94.40, 98.40, 102.40, 106.40, 110.50, NULL, NULL),
(43, 42, 86.80, 90.90, 95.00, 99.00, 103.10, 107.20, 111.20, NULL, NULL),
(44, 43, 87.40, 91.50, 95.60, 99.70, 103.80, 107.90, 112.00, NULL, NULL),
(45, 44, 87.90, 92.00, 96.20, 100.30, 104.50, 108.60, 112.70, NULL, NULL),
(46, 45, 88.40, 92.50, 96.70, 100.90, 105.10, 109.30, 113.50, NULL, NULL),
(47, 46, 88.90, 93.10, 97.30, 101.50, 105.80, 110.00, 114.20, NULL, NULL),
(48, 47, 89.30, 93.60, 97.90, 102.10, 106.40, 110.70, 114.90, NULL, NULL),
(49, 48, 89.80, 94.10, 98.40, 102.70, 107.00, 111.30, 115.70, NULL, NULL),
(50, 49, 90.30, 94.60, 99.00, 103.30, 107.70, 112.00, 116.40, NULL, NULL),
(51, 50, 90.70, 95.10, 99.50, 103.90, 108.30, 112.70, 117.10, NULL, NULL),
(52, 51, 91.20, 95.60, 100.10, 104.50, 108.90, 113.30, 117.70, NULL, NULL),
(53, 52, 91.70, 96.10, 100.60, 105.00, 109.50, 114.00, 118.40, NULL, NULL),
(54, 53, 92.10, 96.60, 101.10, 105.60, 110.10, 114.60, 119.10, NULL, NULL),
(55, 54, 92.60, 97.10, 101.60, 106.20, 110.70, 115.20, 119.80, NULL, NULL),
(56, 55, 93.00, 97.60, 102.20, 106.70, 111.30, 115.90, 120.40, NULL, NULL),
(57, 56, 93.40, 98.10, 102.70, 107.30, 111.90, 116.50, 121.10, NULL, NULL),
(58, 57, 93.90, 98.50, 103.20, 107.80, 112.50, 117.10, 121.80, NULL, NULL),
(59, 58, 94.30, 99.00, 103.70, 108.40, 113.00, 117.70, 122.40, NULL, NULL),
(60, 59, 94.70, 99.50, 104.20, 108.90, 113.60, 118.30, 123.10, NULL, NULL),
(61, 60, 95.20, 99.90, 104.70, 109.40, 114.20, 118.90, 123.70, NULL, NULL),
(64, 0, 43.60, 45.40, 47.30, 49.10, 51.00, 52.90, 54.70, '2021-08-03 04:59:01', '2021-08-03 04:59:01');

-- --------------------------------------------------------

--
-- Table structure for table `user`
--

CREATE TABLE `user` (
  `id` bigint(20) UNSIGNED NOT NULL,
  `name` varchar(255) COLLATE utf8mb4_unicode_ci NOT NULL,
  `email` varchar(255) COLLATE utf8mb4_unicode_ci NOT NULL,
  `level` enum('admin','orangtua') COLLATE utf8mb4_unicode_ci NOT NULL,
  `email_verified_at` timestamp NULL DEFAULT NULL,
  `password` varchar(255) COLLATE utf8mb4_unicode_ci NOT NULL,
  `remember_token` varchar(100) COLLATE utf8mb4_unicode_ci DEFAULT NULL,
  `created_at` timestamp NULL DEFAULT NULL,
  `updated_at` timestamp NULL DEFAULT NULL
) ENGINE=InnoDB DEFAULT CHARSET=utf8mb4 COLLATE=utf8mb4_unicode_ci;

--
-- Dumping data for table `user`
--

INSERT INTO `user` (`id`, `name`, `email`, `level`, `email_verified_at`, `password`, `remember_token`, `created_at`, `updated_at`) VALUES
(1, 'ADMIN', 'admin@gmail.com', 'admin', NULL, 'admin123', NULL, NULL, '2021-07-06 07:00:41'),
(11, 'MUALIM', 'hasanah@gmail.com', 'orangtua', NULL, 'hasanah', NULL, '2021-07-06 06:32:48', '2021-07-06 06:32:48'),
(12, 'LA ODE UMAR BURHANUDDIN', 'ani@gmail.com', 'orangtua', NULL, 'ani123', NULL, '2021-07-08 06:51:13', '2021-07-08 06:51:13'),
(13, 'LA ODE MUHAMAD TAKDIR ASHARI', 'siti@gmail.com', 'orangtua', NULL, 'siti123', NULL, '2021-07-08 06:58:26', '2021-07-08 06:58:26'),
(14, 'LA ODE INDRA JAYA', 'sina@gmail.com', 'orangtua', NULL, 'sina123', NULL, '2021-07-09 01:48:20', '2021-07-09 01:48:20'),
(15, 'MUHAMMAD YUSUF', 'ania@gmail.comania123', 'orangtua', NULL, 'admin123', NULL, '2021-07-09 01:50:24', '2021-07-09 01:50:24'),
(16, 'LA ODE INDRA JAYA', 'ajeng@gmail.com', 'orangtua', NULL, 'ajeng', NULL, '2021-07-09 02:01:12', '2021-07-09 02:01:12'),
(17, 'MUSLAN MUSTAFA', 'yuni@gmail.com', 'orangtua', NULL, 'yuni123', NULL, '2021-07-09 02:03:48', '2021-07-09 02:03:48'),
(18, 'MUCHLIS', 'iin@gmail.com', 'orangtua', NULL, 'iin123', NULL, '2021-07-09 02:05:30', '2021-07-09 02:05:30'),
(19, 'ADI SAPUTRA', 'putri@gmail.com', 'orangtua', NULL, 'admin123', NULL, '2021-07-09 02:06:54', '2021-07-09 02:06:54'),
(20, 'SUMARDIN KABE', 'sintia@gmail.com', 'orangtua', NULL, 'admin123', NULL, '2021-07-09 02:08:44', '2021-07-09 02:08:44'),
(21, 'AHMAD ISHAQ', 'amira@gmail.com', 'orangtua', NULL, 'amira123', NULL, '2021-07-09 02:10:26', '2021-08-05 23:06:43'),
(22, 'FERI', 'ayu@gmail.com', 'orangtua', NULL, 'ayu123', NULL, '2021-07-09 02:12:09', '2021-07-09 02:12:09'),
(23, 'MUHAMMAD IDRIS MUSTAFA', 'indri@gmail.com', 'orangtua', NULL, 'indri123', NULL, '2021-07-09 02:13:50', '2021-07-09 02:13:50'),
(24, 'FERI', 'usi@gmail.com', 'orangtua', NULL, 'usi123', NULL, '2021-07-09 02:15:47', '2021-07-09 02:15:47'),
(25, 'TOROP RUDENDI', 'yesenia@gmail.com', 'orangtua', NULL, 'yesenia123', NULL, '2021-07-09 02:18:08', '2021-07-09 02:18:08'),
(26, 'NURFADLY MAMANG', 'ati@gmail.com', 'orangtua', NULL, 'ati123', NULL, '2021-07-09 02:19:54', '2021-07-09 02:19:54'),
(27, 'LA ODE HARDIN', 'azizah@gmail.com', 'orangtua', NULL, 'aziza123', NULL, '2021-07-09 02:21:33', '2021-07-09 02:21:33'),
(28, 'AHMAD ISHAQ', 'asni@gmail.com', 'orangtua', NULL, 'asni123', NULL, '2021-07-09 02:23:15', '2021-07-09 02:23:15'),
(29, 'SUHARLIN', 'suani@gmail.com', 'orangtua', NULL, 'suani123', NULL, '2021-07-09 02:24:50', '2021-07-09 02:24:50'),
(30, 'JUFIANTO RUSLI', 'jeni@gmail.com', 'orangtua', NULL, 'jeni123', NULL, '2021-07-09 02:26:25', '2021-07-09 02:26:25'),
(31, 'SAHARUDDIN', 'asti@gmail.com', 'orangtua', NULL, 'asti123', NULL, '2021-07-09 02:27:49', '2021-07-09 02:27:49'),
(32, 'ABDUL JAFAR FARISI', 'indah@gmail.com', 'orangtua', NULL, 'indah123', NULL, '2021-07-09 02:29:42', '2021-07-09 02:29:42'),
(33, 'L.M. TAHIAT', 'tania@gmail.com', 'orangtua', NULL, 'tania123', NULL, '2021-07-09 02:31:30', '2021-07-09 02:31:30'),
(34, 'MUHAMMAD JANUAR ARIF', 'anisa@gmail.com', 'orangtua', NULL, 'anisa123', NULL, '2021-07-09 02:33:06', '2021-07-09 02:33:06'),
(35, 'MUSLAN MUSTAFA', 'anita@gmail.com', 'orangtua', NULL, 'anita123', NULL, '2021-07-09 02:34:43', '2021-07-09 02:34:43'),
(36, 'NURZAMNA', 'umi@gmail.com', 'orangtua', NULL, 'umi123', NULL, '2021-07-09 02:37:01', '2021-07-09 02:37:01'),
(37, 'NURHASAN', 'andini@gmail.com', 'orangtua', NULL, 'andini123', NULL, '2021-07-09 02:39:04', '2021-07-09 02:39:04'),
(38, 'LA ODE RAHIKI BADIU', 'yarnni@gmail.com', 'orangtua', NULL, 'yarni123', NULL, '2021-07-09 02:44:01', '2021-07-09 02:44:01'),
(39, 'JAKA SUKMA', 'sukma@gmail.com', 'orangtua', NULL, 'sukma123', NULL, '2021-07-09 02:46:16', '2021-07-09 02:46:16'),
(40, 'SUDIRMAN NW', 'intan@gmail.com', 'orangtua', NULL, 'intan123', NULL, '2021-07-09 02:48:38', '2021-07-09 02:48:38'),
(41, 'FADHIL IRSYAD R', 'biani@gmail.com', 'orangtua', NULL, 'biani123', NULL, '2021-07-09 02:50:39', '2021-07-09 02:50:39'),
(42, 'LM. RAHMAT HIDAYAT ZAIDIN', 'suri@gmail.com', 'orangtua', NULL, 'suri123', NULL, '2021-07-09 02:52:54', '2021-07-09 02:52:54'),
(43, 'L.M. TAHLIL SURI', 'sania@gmail.com', 'orangtua', NULL, 'sania123', NULL, '2021-07-09 02:54:49', '2021-07-09 02:54:49'),
(44, 'LA ODE NASRUL', 'iki@gmail.comi', 'orangtua', NULL, 'iki123', NULL, '2021-07-09 02:56:24', '2021-07-09 02:56:24'),
(45, 'IKI KRISTIAWAN', 'refi@gmail.com', 'orangtua', NULL, 'refi123', NULL, '2021-07-09 02:58:03', '2021-07-09 02:58:03'),
(46, 'MUHAMAD RIDWAN', 'aniaa@gmail.com', 'orangtua', NULL, 'ani123', NULL, '2021-07-09 03:00:06', '2021-07-09 03:00:06'),
(47, 'SARDI SAPUTRA PRATAMA', 'astina@gmail.com', 'orangtua', NULL, 'astina123', NULL, '2021-07-09 03:02:30', '2021-07-09 03:02:30'),
(48, 'OMANG SYARIF', 'sarida@gmail.com', 'orangtua', NULL, 'sarida123', NULL, '2021-07-09 03:04:31', '2021-07-09 03:04:31'),
(49, 'MUHHAMAD FAISAL', 'asna@gmail.com', 'orangtua', NULL, 'asna123', NULL, '2021-07-09 03:06:25', '2021-07-09 03:06:25'),
(51, 'MUHAMMAD FAISAL', 'asnai@gmail.com', 'orangtua', NULL, 'asnai123', NULL, '2021-07-09 03:09:05', '2021-07-09 03:09:05'),
(52, 'SUMARDIN KABE', 'kalia@gmail.com', 'orangtua', NULL, 'kalai123', NULL, '2021-07-09 03:11:13', '2021-07-09 03:11:13'),
(53, 'LA ODE BASRIN', 'halua@gmail.com', 'orangtua', NULL, 'halua123', NULL, '2021-07-09 03:12:46', '2021-07-09 03:12:46'),
(54, 'SARDI SYAPUTRA PRATAMA', 'rini@gmail.com', 'orangtua', NULL, 'rini123', NULL, '2021-07-09 03:14:56', '2021-07-09 03:14:56'),
(55, 'ALAISIA', 'isna@gmail.com', 'orangtua', NULL, 'isna123', NULL, '2021-07-09 03:43:49', '2021-07-09 03:43:49'),
(56, 'SARDI', 'inaya@gmail.com', 'orangtua', NULL, 'inaya123', NULL, '2021-07-09 03:45:28', '2021-07-11 05:21:21'),
(57, 'MUHAMMAD RIZAL', 'itawati@gmail.com', 'orangtua', NULL, 'itawati123', NULL, '2021-07-09 03:46:58', '2021-07-09 03:46:58'),
(58, 'M. RAHMAT ASHAR TASAUF', 'ratna@gmail.com', 'orangtua', NULL, 'ratna123', NULL, '2021-07-09 03:48:16', '2021-07-09 03:48:16'),
(59, 'M. RAHMAT ASHAR TASAUF', 'sarti@gmail.com', 'orangtua', NULL, 'sarti123', NULL, '2021-07-09 03:49:36', '2021-07-09 03:49:36'),
(61, 'ELIADI', 'jenii@gmail.com', 'orangtua', NULL, 'jeni1234', NULL, '2021-07-09 03:51:43', '2021-07-09 03:51:43'),
(62, 'MUHAMMAD JANUAR ARIF', 'wati@gmail.com', 'orangtua', NULL, 'wati123', NULL, '2021-07-09 03:57:11', '2021-07-09 03:57:11'),
(63, 'LA ODE ZAFARULLAH BURHANUDDIN', 'siani@gmail.com', 'orangtua', NULL, 'siani123', NULL, '2021-07-11 05:09:17', '2021-07-11 05:09:17'),
(64, 'NARTO WIBOWO', 'narti@gmail.com', 'orangtua', NULL, 'narti123', NULL, '2021-07-11 05:11:16', '2021-07-11 05:11:16'),
(66, 'SARDI', 'sardi@gmail.com', 'orangtua', NULL, 'sardi123', NULL, '2021-08-02 05:27:22', '2021-08-02 05:27:22'),
(67, 'MUHAMMAD MUALIM MANGGABARANI', 'anggi@gmail.com', 'orangtua', NULL, 'anggi123', NULL, '2021-08-02 05:29:32', '2021-08-02 05:29:32'),
(68, 'TARFAN', 'nursida@gmail.com', 'orangtua', NULL, 'nursida', NULL, '2021-08-02 05:33:44', '2021-08-02 05:33:44'),
(69, 'ARMAN', 'arnia@gmail.com', 'orangtua', NULL, 'arnia', NULL, '2021-08-02 05:35:18', '2021-08-02 05:35:18'),
(70, 'LA ODE ZAFARULLAH BURHANUDDIN', 'barni@gmail.com', 'orangtua', NULL, 'barni', NULL, '2021-08-02 05:37:13', '2021-08-02 05:37:13'),
(71, 'YASMAN HUMA', 'yana@gmail.com', 'orangtua', NULL, 'yana', NULL, '2021-08-02 05:38:37', '2021-08-02 05:38:37'),
(72, 'DONY WIRANATA PUTRA', 'dini@gmail.com', 'orangtua', NULL, 'dini', NULL, '2021-08-02 05:40:12', '2021-08-02 05:40:12'),
(73, 'ARFAN', 'sinar@gmail.com', 'orangtua', NULL, 'sinar', NULL, '2021-08-02 05:42:42', '2021-08-02 05:42:42'),
(74, 'MUHAMMAD ALBAR', 'adina@gmail.com', 'orangtua', NULL, 'adina', NULL, '2021-08-02 05:44:43', '2021-08-02 05:44:43'),
(75, 'MULYADIN', 'muli@gmail.com', 'orangtua', NULL, 'muli', NULL, '2021-08-02 05:46:26', '2021-08-02 05:46:26'),
(76, 'LA ODE MUHAMAD SAFRIN', 'safira@gmail.com', 'orangtua', NULL, 'safira', NULL, '2021-08-02 05:48:05', '2021-08-02 05:48:05'),
(77, 'MUH RUSLI RAZIMI', 'rusna@gmail.com', 'orangtua', NULL, 'rusna', NULL, '2021-08-02 06:03:56', '2021-08-02 06:03:56'),
(78, 'LA NTANE', 'nita@gmail.com', 'orangtua', NULL, 'nita', NULL, '2021-08-02 06:05:52', '2021-08-02 06:05:52'),
(79, 'RONI', 'rani@gmail.com', 'orangtua', NULL, 'rani', NULL, '2021-08-02 06:07:23', '2021-08-02 06:07:23'),
(80, 'HAMSIR', 'hamsia@gmail.com', 'orangtua', NULL, 'hamsia', NULL, '2021-08-02 06:08:50', '2021-08-02 06:08:50'),
(81, 'HARYONO', 'yunia@gmail.com', 'orangtua', NULL, 'yunia', NULL, '2021-08-02 06:10:30', '2021-08-02 06:10:30'),
(82, 'SUGENG HARIYANTO', 'sugia@gmail.com', 'orangtua', NULL, 'sugia', NULL, '2021-08-02 06:12:44', '2021-08-02 06:12:44'),
(83, 'LA ODE MUH SUBHAN', 'suci@gmail.com', 'orangtua', NULL, 'suci', NULL, '2021-08-02 06:14:18', '2021-08-02 06:14:18'),
(84, 'YURSALAM AMIN', 'yuli@gmail.com', 'orangtua', NULL, 'yuli', NULL, '2021-08-02 06:16:56', '2021-08-02 06:16:56'),
(85, 'MUSTAFA', 'musini@gmail.com', 'orangtua', NULL, 'musini', NULL, '2021-08-02 06:18:21', '2021-08-02 06:18:21'),
(86, 'EDDY ARIFIN', 'arina@gmail.com', 'orangtua', NULL, 'arina', NULL, '2021-08-02 06:20:08', '2021-08-02 06:20:08'),
(87, 'LA ODE MUHAMMAD SUKANTO', 'sukini@gmail.com', 'orangtua', NULL, 'sukini', NULL, '2021-08-02 06:21:31', '2021-08-02 06:21:31'),
(89, 'SAFARUDDIN', 'suria@gmail.com', 'orangtua', NULL, 'suria', NULL, '2021-08-02 06:23:38', '2021-08-02 06:23:38'),
(90, 'LA NAYA', 'naya@gmail.com', 'orangtua', NULL, 'naya', NULL, '2021-08-02 06:25:06', '2021-08-02 06:25:06'),
(91, 'NASRUN', 'nasira@gmail.com', 'orangtua', NULL, 'nasira', NULL, '2021-08-02 06:26:29', '2021-08-02 06:26:29'),
(92, 'JUNALDI', 'junia@gmail.com', 'orangtua', NULL, 'junia', NULL, '2021-08-02 06:28:17', '2021-08-02 06:28:17'),
(93, 'MUSTAFA', 'musifa@gmail.com', 'orangtua', NULL, 'musifa', NULL, '2021-08-02 06:30:08', '2021-08-02 06:30:08'),
(94, 'MUSTAKIM RAZILU', 'musi@gmail.com', 'orangtua', NULL, 'musi', NULL, '2021-08-02 06:31:39', '2021-08-02 06:31:39'),
(95, 'MUSTAKIM RAZILU', 'jiji@gmail.com', 'orangtua', NULL, 'jiji', NULL, '2021-08-02 06:34:05', '2021-08-02 06:34:05'),
(96, 'HADI RESKA MURDIBARAKU', 'pipit@gmail.com', 'orangtua', NULL, 'pipit', NULL, '2021-08-02 06:36:33', '2021-08-02 06:36:33'),
(97, 'FIRMAN', 'fini@gmail.com', 'orangtua', NULL, 'fini', NULL, '2021-08-02 06:38:09', '2021-08-02 06:38:09'),
(98, 'MARDIN', 'martini@gmail.com', 'orangtua', NULL, 'martini', NULL, '2021-08-02 06:39:59', '2021-08-02 06:39:59'),
(99, 'SUMARNO', 'sumiati@gmail.com', 'orangtua', NULL, 'sumiati', NULL, '2021-08-02 06:41:29', '2021-08-02 06:41:29'),
(100, 'EDI MUSLIANTO', 'ina@gmail.com', 'orangtua', NULL, 'ina', NULL, '2021-08-02 06:51:35', '2021-08-02 06:51:35'),
(101, 'EDI MUSLIANTO', 'anisah@gmail.com', 'orangtua', NULL, 'anisah', NULL, '2021-08-02 06:53:26', '2021-08-02 06:53:26'),
(103, 'JONI', 'suriati@gmail.com', 'orangtua', NULL, 'suruati', NULL, '2021-08-02 07:03:46', '2021-08-02 07:03:46'),
(104, 'RIYAN ARISTIYAN', 'riyana@gmail.com', 'orangtua', NULL, 'riyana', NULL, '2021-08-02 07:05:54', '2021-08-02 07:05:54'),
(105, 'LA NAYN', 'nayar@gmail.com', 'orangtua', NULL, 'nayar', NULL, '2021-08-02 07:07:17', '2021-08-02 07:07:17'),
(106, 'SURYADI', 'sumi@gmail.com', 'orangtua', NULL, 'sumi', NULL, '2021-08-02 07:09:06', '2021-08-02 07:09:06'),
(107, 'BASMAN', 'asinta@gmail.com', 'orangtua', NULL, 'asinta', NULL, '2021-08-02 07:14:37', '2021-08-02 07:14:37'),
(108, 'LA ODE MUIS', 'muna@gmail.com', 'orangtua', NULL, 'muna', NULL, '2021-08-02 07:16:16', '2021-08-02 07:16:16'),
(109, 'LA ODE BUNGA', 'bunga@gmail.com', 'orangtua', NULL, 'bunga', NULL, '2021-08-02 07:18:18', '2021-08-02 07:18:18'),
(112, 'LA ODE BUNGA', 'fauziah@gmail.com', 'orangtua', NULL, 'fauziah', NULL, '2021-08-02 14:33:58', '2021-08-02 14:33:58'),
(113, 'LA ODE MUHREZA PAHLEFI', 'murni@gmail.com', 'orangtua', NULL, 'murni', NULL, '2021-08-02 14:36:15', '2021-08-02 14:36:15'),
(114, 'LA NTANE', 'uzu@gmail.com', 'orangtua', NULL, 'uzu123', NULL, '2021-08-02 14:37:30', '2021-08-02 14:37:30'),
(115, 'LA ISAL', 'amna@gmail.com', 'orangtua', NULL, 'amna', NULL, '2021-08-02 14:39:09', '2021-08-02 14:39:09'),
(116, 'LD MUSNAWIR', 'maemuna@gmail.com', 'orangtua', NULL, 'maemuna', NULL, '2021-08-02 14:41:32', '2021-08-02 14:41:32'),
(117, 'LA BAANI', 'ambe@gmail.com', 'orangtua', NULL, 'ambe', NULL, '2021-08-02 14:43:22', '2021-08-02 14:43:22');

--
-- Indexes for dumped tables
--

--
-- Indexes for table `balita`
--
ALTER TABLE `balita`
  ADD PRIMARY KEY (`id`),
  ADD KEY `id_balita` (`id_balita`);

--
-- Indexes for table `bbtb`
--
ALTER TABLE `bbtb`
  ADD PRIMARY KEY (`id`);

--
-- Indexes for table `bbu`
--
ALTER TABLE `bbu`
  ADD PRIMARY KEY (`id`);

--
-- Indexes for table `failed_jobs`
--
ALTER TABLE `failed_jobs`
  ADD PRIMARY KEY (`id`);

--
-- Indexes for table `imtu`
--
ALTER TABLE `imtu`
  ADD PRIMARY KEY (`id`);

--
-- Indexes for table `migrations`
--
ALTER TABLE `migrations`
  ADD PRIMARY KEY (`id`);

--
-- Indexes for table `orangtua`
--
ALTER TABLE `orangtua`
  ADD PRIMARY KEY (`id`),
  ADD KEY `id_user` (`id_user`);

--
-- Indexes for table `tbu`
--
ALTER TABLE `tbu`
  ADD PRIMARY KEY (`id`);

--
-- Indexes for table `user`
--
ALTER TABLE `user`
  ADD PRIMARY KEY (`id`),
  ADD UNIQUE KEY `user_email_unique` (`email`);

--
-- AUTO_INCREMENT for dumped tables
--

--
-- AUTO_INCREMENT for table `balita`
--
ALTER TABLE `balita`
  MODIFY `id` bigint(20) UNSIGNED NOT NULL AUTO_INCREMENT, AUTO_INCREMENT=112;

--
-- AUTO_INCREMENT for table `bbtb`
--
ALTER TABLE `bbtb`
  MODIFY `id` bigint(20) UNSIGNED NOT NULL AUTO_INCREMENT, AUTO_INCREMENT=132;

--
-- AUTO_INCREMENT for table `bbu`
--
ALTER TABLE `bbu`
  MODIFY `id` bigint(20) UNSIGNED NOT NULL AUTO_INCREMENT, AUTO_INCREMENT=62;

--
-- AUTO_INCREMENT for table `failed_jobs`
--
ALTER TABLE `failed_jobs`
  MODIFY `id` bigint(20) UNSIGNED NOT NULL AUTO_INCREMENT;

--
-- AUTO_INCREMENT for table `imtu`
--
ALTER TABLE `imtu`
  MODIFY `id` bigint(20) UNSIGNED NOT NULL AUTO_INCREMENT, AUTO_INCREMENT=62;

--
-- AUTO_INCREMENT for table `migrations`
--
ALTER TABLE `migrations`
  MODIFY `id` int(10) UNSIGNED NOT NULL AUTO_INCREMENT, AUTO_INCREMENT=9;

--
-- AUTO_INCREMENT for table `orangtua`
--
ALTER TABLE `orangtua`
  MODIFY `id` bigint(20) UNSIGNED NOT NULL AUTO_INCREMENT, AUTO_INCREMENT=110;

--
-- AUTO_INCREMENT for table `tbu`
--
ALTER TABLE `tbu`
  MODIFY `id` bigint(20) UNSIGNED NOT NULL AUTO_INCREMENT, AUTO_INCREMENT=67;

--
-- AUTO_INCREMENT for table `user`
--
ALTER TABLE `user`
  MODIFY `id` bigint(20) UNSIGNED NOT NULL AUTO_INCREMENT, AUTO_INCREMENT=122;

--
-- Constraints for dumped tables
--

--
-- Constraints for table `balita`
--
ALTER TABLE `balita`
  ADD CONSTRAINT `balita_ibfk_1` FOREIGN KEY (`id_balita`) REFERENCES `orangtua` (`id`) ON DELETE CASCADE;

--
-- Constraints for table `orangtua`
--
ALTER TABLE `orangtua`
  ADD CONSTRAINT `orangtua_ibfk_1` FOREIGN KEY (`id_user`) REFERENCES `user` (`id`) ON DELETE CASCADE;
COMMIT;

/*!40101 SET CHARACTER_SET_CLIENT=@OLD_CHARACTER_SET_CLIENT */;
/*!40101 SET CHARACTER_SET_RESULTS=@OLD_CHARACTER_SET_RESULTS */;
/*!40101 SET COLLATION_CONNECTION=@OLD_COLLATION_CONNECTION */;
